Record Length,2.500000e+03,,   4.765000000000,  -0.00800,
Sample Interval,1.000000e-03,,   4.766000000000,   0.00800,
Trigger Point,-4.765000000000e+03,,   4.767000000000,   0.00800,
,,,   4.768000000000,   0.01600,
,,,   4.769000000000,  -0.00800,
,,,   4.770000000000,  -0.00800,
Source,CH1,,   4.771000000000,   0.00000,
Vertical Units,V,,   4.772000000000,   0.00800,
Vertical Scale,2.000000e-01,,   4.773000000000,   0.00000,
Vertical Offset,0.000000e+00,,   4.774000000000,   0.00000,
Horizontal Units,s,,   4.775000000000,   0.01600,
Horizontal Scale,2.500000e-01,,   4.776000000000,   0.00000,
Pt Fmt,Y,,   4.777000000000,   0.00800,
Yzero,0.000000e+00,,   4.778000000000,   0.01600,
Probe Atten,1.000000e+01,,   4.779000000000,   0.02400,
Model Number,TDS2024C,,   4.780000000000,  -0.01600,
Serial Number,C040020,,   4.781000000000,   0.00800,
Firmware Version,FV:v24.26,,   4.782000000000,   0.01600,
,,,4.783000000000,   0.00000,
,,,4.784000000000,   0.00000,
,,,4.785000000000,  -0.01600,
,,,4.786000000000,   0.00000,
,,,4.787000000000,   0.00800,
,,,4.788000000000,   0.01600,
,,,4.789000000000,   0.01600,
,,,4.790000000000,   0.01600,
,,,4.791000000000,  -0.01600,
,,,4.792000000000,   0.01600,
,,,4.793000000000,   0.01600,
,,,4.794000000000,   0.00800,
,,,4.795000000000,   0.00000,
,,,4.796000000000,   0.00800,
,,,4.797000000000,   0.00800,
,,,4.798000000000,   0.01600,
,,,4.799000000000,   0.00800,
,,,4.800000000000,   0.00800,
,,,4.801000000000,   0.00000,
,,,4.802000000000,   0.01600,
,,,4.803000000000,  -0.00800,
,,,4.804000000000,   0.01600,
,,,4.805000000000,  -0.00800,
,,,4.806000000000,   0.00000,
,,,4.807000000000,   0.00000,
,,,4.808000000000,  -0.00800,
,,,4.809000000000,   0.00000,
,,,4.810000000000,  -0.00800,
,,,4.811000000000,   0.00000,
,,,4.812000000000,   0.00000,
,,,4.813000000000,   0.00000,
,,,4.814000000000,   0.01600,
,,,4.815000000000,   0.00000,
,,,4.816000000000,   0.00000,
,,,4.817000000000,  -0.00800,
,,,4.818000000000,   0.00000,
,,,4.819000000000,   0.01600,
,,,4.820000000000,   0.00800,
,,,4.821000000000,   0.01600,
,,,4.822000000000,   0.01600,
,,,4.823000000000,   0.00000,
,,,4.824000000000,   0.01600,
,,,4.825000000000,   0.01600,
,,,4.826000000000,   0.00000,
,,,4.827000000000,   0.00000,
,,,4.828000000000,  -0.00800,
,,,4.829000000000,  -0.00800,
,,,4.830000000000,   0.01600,
,,,4.831000000000,  -0.00800,
,,,4.832000000000,   0.00000,
,,,4.833000000000,   0.00000,
,,,4.834000000000,  -0.01600,
,,,4.835000000000,   0.02400,
,,,4.836000000000,   0.00800,
,,,4.837000000000,  -0.00800,
,,,4.838000000000,   0.00800,
,,,4.839000000000,   0.00000,
,,,4.840000000000,   0.00000,
,,,4.841000000000,   0.00800,
,,,4.842000000000,   0.00800,
,,,4.843000000000,   0.00000,
,,,4.844000000000,   0.00800,
,,,4.845000000000,   0.01600,
,,,4.846000000000,   0.01600,
,,,4.847000000000,  -0.00800,
,,,4.848000000000,   0.00000,
,,,4.849000000000,  -0.00800,
,,,4.850000000000,  -0.01600,
,,,4.851000000000,   0.00800,
,,,4.852000000000,  -0.00800,
,,,4.853000000000,  -0.00800,
,,,4.854000000000,   0.01600,
,,,4.855000000000,  -0.00800,
,,,4.856000000000,  -0.00800,
,,,4.857000000000,   0.01600,
,,,4.858000000000,   0.00000,
,,,4.859000000000,   0.00800,
,,,4.860000000000,  -0.00800,
,,,4.861000000000,  -0.01600,
,,,4.862000000000,   0.00000,
,,,4.863000000000,   0.01600,
,,,4.864000000000,   0.00000,
,,,4.865000000000,  -0.00800,
,,,4.866000000000,  -0.00800,
,,,4.867000000000,   0.00000,
,,,4.868000000000,  -0.00800,
,,,4.869000000000,   0.00800,
,,,4.870000000000,   0.01600,
,,,4.871000000000,   0.00000,
,,,4.872000000000,   0.00800,
,,,4.873000000000,   0.01600,
,,,4.874000000000,   0.01600,
,,,4.875000000000,   0.00000,
,,,4.876000000000,   0.01600,
,,,4.877000000000,  -0.00800,
,,,4.878000000000,  -0.00800,
,,,4.879000000000,   0.01600,
,,,4.880000000000,   0.00800,
,,,4.881000000000,   0.01600,
,,,4.882000000000,   0.00800,
,,,4.883000000000,   0.00800,
,,,4.884000000000,   0.00000,
,,,4.885000000000,  -0.01600,
,,,4.886000000000,   0.02400,
,,,4.887000000000,   0.01600,
,,,4.888000000000,   0.00800,
,,,4.889000000000,   0.00000,
,,,4.890000000000,   0.01600,
,,,4.891000000000,   0.00000,
,,,4.892000000000,  -0.00800,
,,,4.893000000000,  -0.00800,
,,,4.894000000000,   0.01600,
,,,4.895000000000,   0.01600,
,,,4.896000000000,   0.00800,
,,,4.897000000000,   0.01600,
,,,4.898000000000,   0.01600,
,,,4.899000000000,  -0.00800,
,,,4.900000000000,   0.00000,
,,,4.901000000000,   0.01600,
,,,4.902000000000,  -0.00800,
,,,4.903000000000,   0.01600,
,,,4.904000000000,   0.00000,
,,,4.905000000000,   0.00000,
,,,4.906000000000,   0.00000,
,,,4.907000000000,   0.01600,
,,,4.908000000000,  -0.00800,
,,,4.909000000000,  -0.00800,
,,,4.910000000000,  -0.01600,
,,,4.911000000000,  -0.00800,
,,,4.912000000000,  -0.00800,
,,,4.913000000000,   0.01600,
,,,4.914000000000,   0.01600,
,,,4.915000000000,   0.00000,
,,,4.916000000000,   0.01600,
,,,4.917000000000,   0.00000,
,,,4.918000000000,  -0.00800,
,,,4.919000000000,   0.01600,
,,,4.920000000000,   0.02400,
,,,4.921000000000,  -0.00800,
,,,4.922000000000,   0.00000,
,,,4.923000000000,   0.01600,
,,,4.924000000000,   0.00800,
,,,4.925000000000,  -0.00800,
,,,4.926000000000,   0.00000,
,,,4.927000000000,   0.00800,
,,,4.928000000000,  -0.00800,
,,,4.929000000000,  -0.00800,
,,,4.930000000000,   0.00800,
,,,4.931000000000,  -0.00800,
,,,4.932000000000,   0.02400,
,,,4.933000000000,   0.00000,
,,,4.934000000000,   0.00800,
,,,4.935000000000,  -0.01600,
,,,4.936000000000,   0.00000,
,,,4.937000000000,   0.00000,
,,,4.938000000000,   0.00800,
,,,4.939000000000,   0.01600,
,,,4.940000000000,  -0.01600,
,,,4.941000000000,   0.01600,
,,,4.942000000000,  -0.00800,
,,,4.943000000000,   0.00000,
,,,4.944000000000,   0.02400,
,,,4.945000000000,   0.00000,
,,,4.946000000000,   0.01600,
,,,4.947000000000,   0.00000,
,,,4.948000000000,   0.00000,
,,,4.949000000000,   0.00800,
,,,4.950000000000,  -0.00800,
,,,4.951000000000,   0.00000,
,,,4.952000000000,   0.00000,
,,,4.953000000000,   0.00800,
,,,4.954000000000,   0.00800,
,,,4.955000000000,   0.00800,
,,,4.956000000000,   0.00800,
,,,4.957000000000,   0.00000,
,,,4.958000000000,   0.00000,
,,,4.959000000000,  -0.01600,
,,,4.960000000000,  -0.00800,
,,,4.961000000000,   0.00000,
,,,4.962000000000,  -0.00800,
,,,4.963000000000,   0.01600,
,,,4.964000000000,   0.01600,
,,,4.965000000000,  -0.00800,
,,,4.966000000000,   0.00000,
,,,4.967000000000,  -0.00800,
,,,4.968000000000,   0.00000,
,,,4.969000000000,  -0.00800,
,,,4.970000000000,   0.00800,
,,,4.971000000000,   0.00800,
,,,4.972000000000,   0.00800,
,,,4.973000000000,   0.00000,
,,,4.974000000000,   0.00000,
,,,4.975000000000,   0.02400,
,,,4.976000000000,   0.00800,
,,,4.977000000000,   0.00800,
,,,4.978000000000,   0.00000,
,,,4.979000000000,  -0.00800,
,,,4.980000000000,   0.00000,
,,,4.981000000000,   0.00800,
,,,4.982000000000,   0.01600,
,,,4.983000000000,   0.01600,
,,,4.984000000000,   0.00000,
,,,4.985000000000,  -0.00800,
,,,4.986000000000,  -0.00800,
,,,4.987000000000,   0.00800,
,,,4.988000000000,   0.00800,
,,,4.989000000000,   0.01600,
,,,4.990000000000,  -0.00800,
,,,4.991000000000,   0.00800,
,,,4.992000000000,  -0.00800,
,,,4.993000000000,  -0.01600,
,,,4.994000000000,   0.01600,
,,,4.995000000000,   0.00800,
,,,4.996000000000,   0.01600,
,,,4.997000000000,   0.00000,
,,,4.998000000000,  -0.00800,
,,,4.999000000000,   0.00000,
,,,5.000000000000,  -0.46400,
,,,5.001000000000,  -0.46400,
,,,5.002000000000,  -0.46400,
,,,5.003000000000,  -0.43200,
,,,5.004000000000,  -0.43200,
,,,5.005000000000,  -0.43200,
,,,5.006000000000,  -0.43200,
,,,5.007000000000,  -0.42400,
,,,5.008000000000,  -0.41600,
,,,5.009000000000,  -0.40800,
,,,5.010000000000,  -0.40000,
,,,5.011000000000,  -0.39200,
,,,5.012000000000,  -0.40000,
,,,5.013000000000,  -0.40000,
,,,5.014000000000,  -0.38400,
,,,5.015000000000,  -0.36800,
,,,5.016000000000,  -0.35200,
,,,5.017000000000,  -0.36000,
,,,5.018000000000,  -0.35200,
,,,5.019000000000,  -0.34400,
,,,5.020000000000,  -0.35200,
,,,5.021000000000,  -0.34400,
,,,5.022000000000,  -0.34400,
,,,5.023000000000,  -0.32000,
,,,5.024000000000,  -0.32800,
,,,5.025000000000,  -0.33600,
,,,5.026000000000,  -0.32800,
,,,5.027000000000,  -0.32800,
,,,5.028000000000,  -0.32800,
,,,5.029000000000,  -0.30400,
,,,5.030000000000,  -0.30400,
,,,5.031000000000,  -0.31200,
,,,5.032000000000,  -0.28000,
,,,5.033000000000,  -0.29600,
,,,5.034000000000,  -0.28800,
,,,5.035000000000,  -0.27200,
,,,5.036000000000,  -0.28800,
,,,5.037000000000,  -0.28000,
,,,5.038000000000,  -0.26400,
,,,5.039000000000,  -0.28000,
,,,5.040000000000,  -0.26400,
,,,5.041000000000,  -0.26400,
,,,5.042000000000,  -0.26400,
,,,5.043000000000,  -0.24800,
,,,5.044000000000,  -0.24800,
,,,5.045000000000,  -0.25600,
,,,5.046000000000,  -0.26400,
,,,5.047000000000,  -0.24800,
,,,5.048000000000,  -0.24000,
,,,5.049000000000,  -0.24000,
,,,5.050000000000,  -0.24000,
,,,5.051000000000,  -0.21600,
,,,5.052000000000,  -0.22400,
,,,5.053000000000,  -0.22400,
,,,5.054000000000,  -0.22400,
,,,5.055000000000,  -0.21600,
,,,5.056000000000,  -0.21600,
,,,5.057000000000,  -0.22400,
,,,5.058000000000,  -0.20000,
,,,5.059000000000,  -0.21600,
,,,5.060000000000,  -0.22400,
,,,5.061000000000,  -0.20000,
,,,5.062000000000,  -0.20000,
,,,5.063000000000,  -0.20800,
,,,5.064000000000,  -0.19200,
,,,5.065000000000,  -0.20000,
,,,5.066000000000,  -0.20000,
,,,5.067000000000,  -0.18400,
,,,5.068000000000,  -0.20000,
,,,5.069000000000,  -0.18400,
,,,5.070000000000,  -0.17600,
,,,5.071000000000,  -0.17600,
,,,5.072000000000,  -0.17600,
,,,5.073000000000,  -0.17600,
,,,5.074000000000,  -0.16000,
,,,5.075000000000,  -0.18400,
,,,5.076000000000,  -0.16000,
,,,5.077000000000,  -0.18400,
,,,5.078000000000,  -0.15200,
,,,5.079000000000,  -0.15200,
,,,5.080000000000,  -0.18400,
,,,5.081000000000,  -0.15200,
,,,5.082000000000,  -0.14400,
,,,5.083000000000,  -0.14400,
,,,5.084000000000,  -0.14400,
,,,5.085000000000,  -0.16000,
,,,5.086000000000,  -0.14400,
,,,5.087000000000,  -0.12800,
,,,5.088000000000,  -0.14400,
,,,5.089000000000,  -0.12800,
,,,5.090000000000,  -0.13600,
,,,5.091000000000,  -0.13600,
,,,5.092000000000,  -0.13600,
,,,5.093000000000,  -0.12800,
,,,5.094000000000,  -0.13600,
,,,5.095000000000,  -0.12800,
,,,5.096000000000,  -0.12000,
,,,5.097000000000,  -0.13600,
,,,5.098000000000,  -0.12800,
,,,5.099000000000,  -0.12000,
,,,5.100000000000,  -0.10400,
,,,5.101000000000,  -0.12800,
,,,5.102000000000,  -0.12800,
,,,5.103000000000,  -0.10400,
,,,5.104000000000,  -0.12000,
,,,5.105000000000,  -0.12000,
,,,5.106000000000,  -0.13600,
,,,5.107000000000,  -0.12000,
,,,5.108000000000,  -0.11200,
,,,5.109000000000,  -0.11200,
,,,5.110000000000,  -0.11200,
,,,5.111000000000,  -0.11200,
,,,5.112000000000,  -0.09600,
,,,5.113000000000,  -0.09600,
,,,5.114000000000,  -0.09600,
,,,5.115000000000,  -0.09600,
,,,5.116000000000,  -0.09600,
,,,5.117000000000,  -0.09600,
,,,5.118000000000,  -0.10400,
,,,5.119000000000,  -0.11200,
,,,5.120000000000,  -0.07200,
,,,5.121000000000,  -0.08000,
,,,5.122000000000,  -0.08800,
,,,5.123000000000,  -0.08800,
,,,5.124000000000,  -0.08800,
,,,5.125000000000,  -0.09600,
,,,5.126000000000,  -0.09600,
,,,5.127000000000,  -0.09600,
,,,5.128000000000,  -0.08800,
,,,5.129000000000,  -0.08000,
,,,5.130000000000,  -0.09600,
,,,5.131000000000,  -0.08800,
,,,5.132000000000,  -0.06400,
,,,5.133000000000,  -0.09600,
,,,5.134000000000,  -0.07200,
,,,5.135000000000,  -0.08000,
,,,5.136000000000,  -0.08800,
,,,5.137000000000,  -0.08800,
,,,5.138000000000,  -0.07200,
,,,5.139000000000,  -0.07200,
,,,5.140000000000,  -0.07200,
,,,5.141000000000,  -0.07200,
,,,5.142000000000,  -0.08000,
,,,5.143000000000,  -0.07200,
,,,5.144000000000,  -0.05600,
,,,5.145000000000,  -0.07200,
,,,5.146000000000,  -0.06400,
,,,5.147000000000,  -0.07200,
,,,5.148000000000,  -0.06400,
,,,5.149000000000,  -0.06400,
,,,5.150000000000,  -0.07200,
,,,5.151000000000,  -0.05600,
,,,5.152000000000,  -0.06400,
,,,5.153000000000,  -0.05600,
,,,5.154000000000,  -0.07200,
,,,5.155000000000,  -0.04000,
,,,5.156000000000,  -0.06400,
,,,5.157000000000,  -0.06400,
,,,5.158000000000,  -0.05600,
,,,5.159000000000,  -0.04000,
,,,5.160000000000,  -0.03200,
,,,5.161000000000,  -0.04800,
,,,5.162000000000,  -0.05600,
,,,5.163000000000,  -0.05600,
,,,5.164000000000,  -0.05600,
,,,5.165000000000,  -0.04800,
,,,5.166000000000,  -0.04000,
,,,5.167000000000,  -0.04800,
,,,5.168000000000,  -0.05600,
,,,5.169000000000,  -0.04800,
,,,5.170000000000,  -0.06400,
,,,5.171000000000,  -0.06400,
,,,5.172000000000,  -0.04000,
,,,5.173000000000,  -0.04000,
,,,5.174000000000,  -0.07200,
,,,5.175000000000,  -0.05600,
,,,5.176000000000,  -0.04800,
,,,5.177000000000,  -0.05600,
,,,5.178000000000,  -0.04000,
,,,5.179000000000,  -0.04000,
,,,5.180000000000,  -0.04000,
,,,5.181000000000,  -0.05600,
,,,5.182000000000,  -0.03200,
,,,5.183000000000,  -0.04800,
,,,5.184000000000,  -0.03200,
,,,5.185000000000,  -0.03200,
,,,5.186000000000,  -0.05600,
,,,5.187000000000,  -0.04000,
,,,5.188000000000,  -0.04000,
,,,5.189000000000,  -0.05600,
,,,5.190000000000,  -0.04800,
,,,5.191000000000,  -0.04000,
,,,5.192000000000,  -0.04000,
,,,5.193000000000,  -0.04000,
,,,5.194000000000,  -0.02400,
,,,5.195000000000,  -0.02400,
,,,5.196000000000,  -0.04000,
,,,5.197000000000,  -0.04000,
,,,5.198000000000,  -0.03200,
,,,5.199000000000,  -0.03200,
,,,5.200000000000,  -0.02400,
,,,5.201000000000,  -0.04000,
,,,5.202000000000,  -0.04000,
,,,5.203000000000,  -0.03200,
,,,5.204000000000,  -0.03200,
,,,5.205000000000,  -0.04000,
,,,5.206000000000,  -0.04000,
,,,5.207000000000,  -0.04800,
,,,5.208000000000,  -0.03200,
,,,5.209000000000,  -0.01600,
,,,5.210000000000,  -0.03200,
,,,5.211000000000,  -0.02400,
,,,5.212000000000,  -0.04800,
,,,5.213000000000,  -0.00800,
,,,5.214000000000,  -0.03200,
,,,5.215000000000,  -0.04000,
,,,5.216000000000,  -0.02400,
,,,5.217000000000,  -0.03200,
,,,5.218000000000,  -0.03200,
,,,5.219000000000,  -0.02400,
,,,5.220000000000,  -0.03200,
,,,5.221000000000,  -0.02400,
,,,5.222000000000,  -0.00800,
,,,5.223000000000,  -0.04000,
,,,5.224000000000,  -0.04800,
,,,5.225000000000,  -0.00800,
,,,5.226000000000,  -0.02400,
,,,5.227000000000,  -0.02400,
,,,5.228000000000,  -0.01600,
,,,5.229000000000,  -0.02400,
,,,5.230000000000,   0.00000,
,,,5.231000000000,  -0.01600,
,,,5.232000000000,  -0.03200,
,,,5.233000000000,  -0.03200,
,,,5.234000000000,  -0.02400,
,,,5.235000000000,  -0.03200,
,,,5.236000000000,  -0.01600,
,,,5.237000000000,  -0.00800,
,,,5.238000000000,  -0.01600,
,,,5.239000000000,  -0.02400,
,,,5.240000000000,  -0.00800,
,,,5.241000000000,  -0.03200,
,,,5.242000000000,  -0.01600,
,,,5.243000000000,  -0.03200,
,,,5.244000000000,  -0.01600,
,,,5.245000000000,  -0.02400,
,,,5.246000000000,  -0.00800,
,,,5.247000000000,   0.00000,
,,,5.248000000000,  -0.01600,
,,,5.249000000000,  -0.04000,
,,,5.250000000000,  -0.01600,
,,,5.251000000000,  -0.02400,
,,,5.252000000000,  -0.04800,
,,,5.253000000000,  -0.01600,
,,,5.254000000000,  -0.02400,
,,,5.255000000000,  -0.00800,
,,,5.256000000000,  -0.00800,
,,,5.257000000000,   0.00000,
,,,5.258000000000,  -0.03200,
,,,5.259000000000,  -0.01600,
,,,5.260000000000,  -0.01600,
,,,5.261000000000,   0.00000,
,,,5.262000000000,  -0.01600,
,,,5.263000000000,  -0.02400,
,,,5.264000000000,  -0.00800,
,,,5.265000000000,  -0.00800,
,,,5.266000000000,   0.00000,
,,,5.267000000000,  -0.00800,
,,,5.268000000000,  -0.03200,
,,,5.269000000000,   0.00000,
,,,5.270000000000,  -0.00800,
,,,5.271000000000,  -0.01600,
,,,5.272000000000,  -0.01600,
,,,5.273000000000,  -0.03200,
,,,5.274000000000,   0.00000,
,,,5.275000000000,  -0.01600,
,,,5.276000000000,  -0.00800,
,,,5.277000000000,  -0.03200,
,,,5.278000000000,   0.00000,
,,,5.279000000000,   0.00000,
,,,5.280000000000,   0.00000,
,,,5.281000000000,   0.00800,
,,,5.282000000000,  -0.00800,
,,,5.283000000000,  -0.01600,
,,,5.284000000000,  -0.00800,
,,,5.285000000000,  -0.00800,
,,,5.286000000000,  -0.00800,
,,,5.287000000000,   0.00000,
,,,5.288000000000,  -0.00800,
,,,5.289000000000,   0.00000,
,,,5.290000000000,  -0.00800,
,,,5.291000000000,   0.00800,
,,,5.292000000000,  -0.00800,
,,,5.293000000000,   0.00000,
,,,5.294000000000,  -0.01600,
,,,5.295000000000,  -0.02400,
,,,5.296000000000,  -0.00800,
,,,5.297000000000,  -0.03200,
,,,5.298000000000,  -0.00800,
,,,5.299000000000,   0.00800,
,,,5.300000000000,  -0.00800,
,,,5.301000000000,   0.00000,
,,,5.302000000000,   0.01600,
,,,5.303000000000,  -0.02400,
,,,5.304000000000,   0.00000,
,,,5.305000000000,   0.00800,
,,,5.306000000000,  -0.00800,
,,,5.307000000000,  -0.00800,
,,,5.308000000000,  -0.01600,
,,,5.309000000000,   0.00000,
,,,5.310000000000,   0.00000,
,,,5.311000000000,  -0.00800,
,,,5.312000000000,   0.00000,
,,,5.313000000000,  -0.02400,
,,,5.314000000000,   0.00000,
,,,5.315000000000,  -0.01600,
,,,5.316000000000,  -0.01600,
,,,5.317000000000,  -0.02400,
,,,5.318000000000,   0.00000,
,,,5.319000000000,  -0.00800,
,,,5.320000000000,   0.00000,
,,,5.321000000000,  -0.00800,
,,,5.322000000000,  -0.00800,
,,,5.323000000000,   0.00000,
,,,5.324000000000,  -0.00800,
,,,5.325000000000,  -0.00800,
,,,5.326000000000,   0.00000,
,,,5.327000000000,  -0.00800,
,,,5.328000000000,   0.00800,
,,,5.329000000000,  -0.01600,
,,,5.330000000000,   0.01600,
,,,5.331000000000,   0.00000,
,,,5.332000000000,  -0.02400,
,,,5.333000000000,   0.00000,
,,,5.334000000000,  -0.01600,
,,,5.335000000000,   0.00000,
,,,5.336000000000,   0.00000,
,,,5.337000000000,  -0.00800,
,,,5.338000000000,  -0.01600,
,,,5.339000000000,   0.00800,
,,,5.340000000000,   0.00800,
,,,5.341000000000,   0.00800,
,,,5.342000000000,   0.00000,
,,,5.343000000000,  -0.00800,
,,,5.344000000000,   0.00000,
,,,5.345000000000,  -0.01600,
,,,5.346000000000,  -0.01600,
,,,5.347000000000,  -0.00800,
,,,5.348000000000,  -0.01600,
,,,5.349000000000,  -0.01600,
,,,5.350000000000,   0.00800,
,,,5.351000000000,  -0.00800,
,,,5.352000000000,  -0.01600,
,,,5.353000000000,  -0.00800,
,,,5.354000000000,   0.00000,
,,,5.355000000000,   0.02400,
,,,5.356000000000,   0.01600,
,,,5.357000000000,   0.00000,
,,,5.358000000000,  -0.00800,
,,,5.359000000000,  -0.00800,
,,,5.360000000000,  -0.01600,
,,,5.361000000000,  -0.00800,
,,,5.362000000000,  -0.00800,
,,,5.363000000000,  -0.00800,
,,,5.364000000000,  -0.00800,
,,,5.365000000000,  -0.00800,
,,,5.366000000000,  -0.01600,
,,,5.367000000000,   0.00800,
,,,5.368000000000,  -0.00800,
,,,5.369000000000,   0.00000,
,,,5.370000000000,   0.01600,
,,,5.371000000000,  -0.02400,
,,,5.372000000000,  -0.01600,
,,,5.373000000000,   0.01600,
,,,5.374000000000,   0.00800,
,,,5.375000000000,  -0.01600,
,,,5.376000000000,  -0.00800,
,,,5.377000000000,   0.01600,
,,,5.378000000000,   0.00000,
,,,5.379000000000,  -0.00800,
,,,5.380000000000,  -0.00800,
,,,5.381000000000,  -0.00800,
,,,5.382000000000,   0.00800,
,,,5.383000000000,  -0.01600,
,,,5.384000000000,  -0.01600,
,,,5.385000000000,   0.00000,
,,,5.386000000000,  -0.01600,
,,,5.387000000000,   0.00000,
,,,5.388000000000,   0.00800,
,,,5.389000000000,   0.00000,
,,,5.390000000000,  -0.02400,
,,,5.391000000000,   0.02400,
,,,5.392000000000,  -0.00800,
,,,5.393000000000,   0.00800,
,,,5.394000000000,  -0.00800,
,,,5.395000000000,   0.00000,
,,,5.396000000000,   0.00000,
,,,5.397000000000,  -0.02400,
,,,5.398000000000,   0.00000,
,,,5.399000000000,   0.01600,
,,,5.400000000000,   0.01600,
,,,5.401000000000,  -0.01600,
,,,5.402000000000,   0.01600,
,,,5.403000000000,   0.00800,
,,,5.404000000000,   0.00000,
,,,5.405000000000,   0.01600,
,,,5.406000000000,  -0.00800,
,,,5.407000000000,   0.00800,
,,,5.408000000000,   0.01600,
,,,5.409000000000,  -0.00800,
,,,5.410000000000,   0.01600,
,,,5.411000000000,   0.02400,
,,,5.412000000000,   0.00800,
,,,5.413000000000,  -0.01600,
,,,5.414000000000,  -0.00800,
,,,5.415000000000,  -0.00800,
,,,5.416000000000,   0.00800,
,,,5.417000000000,   0.01600,
,,,5.418000000000,  -0.00800,
,,,5.419000000000,   0.00800,
,,,5.420000000000,   0.01600,
,,,5.421000000000,   0.01600,
,,,5.422000000000,   0.00000,
,,,5.423000000000,  -0.01600,
,,,5.424000000000,   0.00000,
,,,5.425000000000,   0.00800,
,,,5.426000000000,  -0.00800,
,,,5.427000000000,   0.00000,
,,,5.428000000000,  -0.02400,
,,,5.429000000000,   0.00000,
,,,5.430000000000,  -0.01600,
,,,5.431000000000,   0.01600,
,,,5.432000000000,   0.00800,
,,,5.433000000000,   0.00800,
,,,5.434000000000,   0.00800,
,,,5.435000000000,  -0.00800,
,,,5.436000000000,   0.00800,
,,,5.437000000000,   0.00000,
,,,5.438000000000,   0.01600,
,,,5.439000000000,  -0.00800,
,,,5.440000000000,   0.00000,
,,,5.441000000000,   0.00000,
,,,5.442000000000,   0.00000,
,,,5.443000000000,   0.00000,
,,,5.444000000000,  -0.00800,
,,,5.445000000000,   0.01600,
,,,5.446000000000,  -0.00800,
,,,5.447000000000,   0.00000,
,,,5.448000000000,  -0.00800,
,,,5.449000000000,   0.00000,
,,,5.450000000000,   0.01600,
,,,5.451000000000,   0.00800,
,,,5.452000000000,  -0.00800,
,,,5.453000000000,   0.00000,
,,,5.454000000000,  -0.00800,
,,,5.455000000000,   0.00000,
,,,5.456000000000,   0.00800,
,,,5.457000000000,  -0.01600,
,,,5.458000000000,  -0.01600,
,,,5.459000000000,   0.01600,
,,,5.460000000000,   0.00000,
,,,5.461000000000,  -0.00800,
,,,5.462000000000,  -0.00800,
,,,5.463000000000,   0.01600,
,,,5.464000000000,   0.01600,
,,,5.465000000000,   0.00800,
,,,5.466000000000,   0.00800,
,,,5.467000000000,  -0.00800,
,,,5.468000000000,   0.00800,
,,,5.469000000000,   0.00000,
,,,5.470000000000,   0.01600,
,,,5.471000000000,   0.01600,
,,,5.472000000000,   0.00800,
,,,5.473000000000,   0.02400,
,,,5.474000000000,  -0.00800,
,,,5.475000000000,   0.00800,
,,,5.476000000000,   0.00000,
,,,5.477000000000,   0.01600,
,,,5.478000000000,  -0.00800,
,,,5.479000000000,  -0.00800,
,,,5.480000000000,   0.00000,
,,,5.481000000000,  -0.00800,
,,,5.482000000000,   0.01600,
,,,5.483000000000,   0.00000,
,,,5.484000000000,  -0.00800,
,,,5.485000000000,  -0.00800,
,,,5.486000000000,   0.02400,
,,,5.487000000000,   0.01600,
,,,5.488000000000,   0.00000,
,,,5.489000000000,   0.00000,
,,,5.490000000000,   0.01600,
,,,5.491000000000,   0.02400,
,,,5.492000000000,   0.00000,
,,,5.493000000000,  -0.01600,
,,,5.494000000000,  -0.00800,
,,,5.495000000000,   0.00800,
,,,5.496000000000,   0.00800,
,,,5.497000000000,   0.00000,
,,,5.498000000000,   0.00000,
,,,5.499000000000,   0.00000,
,,,5.500000000000,  -0.01600,
,,,5.501000000000,   0.00000,
,,,5.502000000000,   0.01600,
,,,5.503000000000,   0.00000,
,,,5.504000000000,   0.00000,
,,,5.505000000000,  -0.01600,
,,,5.506000000000,   0.00000,
,,,5.507000000000,   0.00800,
,,,5.508000000000,   0.00000,
,,,5.509000000000,  -0.01600,
,,,5.510000000000,   0.00800,
,,,5.511000000000,   0.00000,
,,,5.512000000000,   0.00000,
,,,5.513000000000,   0.00000,
,,,5.514000000000,   0.01600,
,,,5.515000000000,  -0.01600,
,,,5.516000000000,  -0.00800,
,,,5.517000000000,   0.01600,
,,,5.518000000000,   0.00000,
,,,5.519000000000,   0.00000,
,,,5.520000000000,   0.00800,
,,,5.521000000000,   0.00000,
,,,5.522000000000,   0.00000,
,,,5.523000000000,   0.00800,
,,,5.524000000000,   0.00000,
,,,5.525000000000,   0.01600,
,,,5.526000000000,   0.00800,
,,,5.527000000000,   0.00000,
,,,5.528000000000,   0.02400,
,,,5.529000000000,   0.01600,
,,,5.530000000000,   0.01600,
,,,5.531000000000,   0.01600,
,,,5.532000000000,   0.02400,
,,,5.533000000000,  -0.00800,
,,,5.534000000000,   0.00800,
,,,5.535000000000,   0.00000,
,,,5.536000000000,   0.01600,
,,,5.537000000000,  -0.01600,
,,,5.538000000000,  -0.00800,
,,,5.539000000000,  -0.00800,
,,,5.540000000000,  -0.00800,
,,,5.541000000000,   0.00000,
,,,5.542000000000,  -0.00800,
,,,5.543000000000,   0.00000,
,,,5.544000000000,   0.00800,
,,,5.545000000000,   0.00000,
,,,5.546000000000,  -0.01600,
,,,5.547000000000,   0.00000,
,,,5.548000000000,   0.01600,
,,,5.549000000000,  -0.00800,
,,,5.550000000000,  -0.00800,
,,,5.551000000000,   0.00800,
,,,5.552000000000,  -0.00800,
,,,5.553000000000,   0.01600,
,,,5.554000000000,   0.00800,
,,,5.555000000000,  -0.01600,
,,,5.556000000000,   0.00000,
,,,5.557000000000,   0.00000,
,,,5.558000000000,   0.01600,
,,,5.559000000000,   0.00000,
,,,5.560000000000,   0.00800,
,,,5.561000000000,  -0.00800,
,,,5.562000000000,   0.01600,
,,,5.563000000000,  -0.00800,
,,,5.564000000000,  -0.00800,
,,,5.565000000000,  -0.02400,
,,,5.566000000000,   0.01600,
,,,5.567000000000,  -0.01600,
,,,5.568000000000,   0.00000,
,,,5.569000000000,   0.00800,
,,,5.570000000000,   0.00000,
,,,5.571000000000,   0.00800,
,,,5.572000000000,  -0.00800,
,,,5.573000000000,  -0.00800,
,,,5.574000000000,   0.00000,
,,,5.575000000000,  -0.00800,
,,,5.576000000000,   0.02400,
,,,5.577000000000,   0.00800,
,,,5.578000000000,   0.00800,
,,,5.579000000000,   0.01600,
,,,5.580000000000,   0.01600,
,,,5.581000000000,  -0.00800,
,,,5.582000000000,   0.02400,
,,,5.583000000000,   0.01600,
,,,5.584000000000,  -0.00800,
,,,5.585000000000,   0.01600,
,,,5.586000000000,   0.01600,
,,,5.587000000000,  -0.01600,
,,,5.588000000000,   0.00800,
,,,5.589000000000,   0.00000,
,,,5.590000000000,   0.00800,
,,,5.591000000000,   0.00000,
,,,5.592000000000,   0.00800,
,,,5.593000000000,   0.01600,
,,,5.594000000000,   0.00000,
,,,5.595000000000,   0.00000,
,,,5.596000000000,  -0.00800,
,,,5.597000000000,   0.00000,
,,,5.598000000000,   0.00000,
,,,5.599000000000,   0.00000,
,,,5.600000000000,   0.01600,
,,,5.601000000000,  -0.02400,
,,,5.602000000000,  -0.00800,
,,,5.603000000000,  -0.00800,
,,,5.604000000000,   0.00000,
,,,5.605000000000,   0.00000,
,,,5.606000000000,   0.00800,
,,,5.607000000000,   0.01600,
,,,5.608000000000,  -0.00800,
,,,5.609000000000,   0.01600,
,,,5.610000000000,  -0.00800,
,,,5.611000000000,   0.00800,
,,,5.612000000000,   0.00800,
,,,5.613000000000,   0.01600,
,,,5.614000000000,   0.01600,
,,,5.615000000000,   0.00000,
,,,5.616000000000,   0.00000,
,,,5.617000000000,   0.01600,
,,,5.618000000000,  -0.00800,
,,,5.619000000000,  -0.00800,
,,,5.620000000000,  -0.00800,
,,,5.621000000000,   0.00000,
,,,5.622000000000,   0.02400,
,,,5.623000000000,   0.00800,
,,,5.624000000000,   0.00800,
,,,5.625000000000,   0.00800,
,,,5.626000000000,   0.00000,
,,,5.627000000000,   0.00800,
,,,5.628000000000,   0.01600,
,,,5.629000000000,   0.00800,
,,,5.630000000000,   0.00000,
,,,5.631000000000,   0.02400,
,,,5.632000000000,   0.00800,
,,,5.633000000000,   0.00800,
,,,5.634000000000,  -0.00800,
,,,5.635000000000,   0.01600,
,,,5.636000000000,   0.00000,
,,,5.637000000000,  -0.00800,
,,,5.638000000000,   0.00800,
,,,5.639000000000,   0.00000,
,,,5.640000000000,   0.00800,
,,,5.641000000000,   0.00800,
,,,5.642000000000,  -0.00800,
,,,5.643000000000,   0.00000,
,,,5.644000000000,   0.00800,
,,,5.645000000000,  -0.00800,
,,,5.646000000000,  -0.00800,
,,,5.647000000000,   0.00000,
,,,5.648000000000,   0.00000,
,,,5.649000000000,   0.00000,
,,,5.650000000000,   0.00000,
,,,5.651000000000,  -0.02400,
,,,5.652000000000,   0.00000,
,,,5.653000000000,   0.00000,
,,,5.654000000000,   0.00000,
,,,5.655000000000,   0.00000,
,,,5.656000000000,   0.00000,
,,,5.657000000000,   0.01600,
,,,5.658000000000,   0.00000,
,,,5.659000000000,  -0.00800,
,,,5.660000000000,   0.01600,
,,,5.661000000000,   0.01600,
,,,5.662000000000,   0.01600,
,,,5.663000000000,  -0.01600,
,,,5.664000000000,   0.00000,
,,,5.665000000000,   0.01600,
,,,5.666000000000,  -0.00800,
,,,5.667000000000,  -0.00800,
,,,5.668000000000,   0.01600,
,,,5.669000000000,  -0.00800,
,,,5.670000000000,   0.01600,
,,,5.671000000000,   0.00000,
,,,5.672000000000,   0.00000,
,,,5.673000000000,   0.00000,
,,,5.674000000000,   0.00800,
,,,5.675000000000,  -0.01600,
,,,5.676000000000,  -0.00800,
,,,5.677000000000,   0.00800,
,,,5.678000000000,   0.00000,
,,,5.679000000000,  -0.00800,
,,,5.680000000000,  -0.01600,
,,,5.681000000000,   0.00000,
,,,5.682000000000,   0.01600,
,,,5.683000000000,   0.00000,
,,,5.684000000000,   0.00000,
,,,5.685000000000,   0.00000,
,,,5.686000000000,   0.00000,
,,,5.687000000000,   0.04800,
,,,5.688000000000,   0.00800,
,,,5.689000000000,  -0.00800,
,,,5.690000000000,  -0.00800,
,,,5.691000000000,  -0.00800,
,,,5.692000000000,   0.00000,
,,,5.693000000000,   0.00000,
,,,5.694000000000,   0.01600,
,,,5.695000000000,   0.00000,
,,,5.696000000000,   0.01600,
,,,5.697000000000,  -0.01600,
,,,5.698000000000,   0.00000,
,,,5.699000000000,   0.01600,
,,,5.700000000000,   0.01600,
,,,5.701000000000,   0.00000,
,,,5.702000000000,   0.01600,
,,,5.703000000000,  -0.00800,
,,,5.704000000000,   0.00000,
,,,5.705000000000,   0.01600,
,,,5.706000000000,   0.00800,
,,,5.707000000000,   0.00000,
,,,5.708000000000,   0.00800,
,,,5.709000000000,   0.02400,
,,,5.710000000000,   0.01600,
,,,5.711000000000,   0.00000,
,,,5.712000000000,   0.00800,
,,,5.713000000000,  -0.00800,
,,,5.714000000000,  -0.02400,
,,,5.715000000000,   0.01600,
,,,5.716000000000,   0.01600,
,,,5.717000000000,   0.01600,
,,,5.718000000000,   0.00000,
,,,5.719000000000,   0.00000,
,,,5.720000000000,   0.01600,
,,,5.721000000000,   0.00000,
,,,5.722000000000,   0.02400,
,,,5.723000000000,  -0.01600,
,,,5.724000000000,   0.00800,
,,,5.725000000000,   0.01600,
,,,5.726000000000,  -0.00800,
,,,5.727000000000,   0.01600,
,,,5.728000000000,   0.00000,
,,,5.729000000000,  -0.00800,
,,,5.730000000000,   0.01600,
,,,5.731000000000,  -0.00800,
,,,5.732000000000,   0.01600,
,,,5.733000000000,   0.00000,
,,,5.734000000000,   0.00800,
,,,5.735000000000,   0.00000,
,,,5.736000000000,   0.01600,
,,,5.737000000000,  -0.01600,
,,,5.738000000000,   0.00800,
,,,5.739000000000,  -0.00800,
,,,5.740000000000,   0.00000,
,,,5.741000000000,   0.00000,
,,,5.742000000000,   0.00800,
,,,5.743000000000,   0.01600,
,,,5.744000000000,   0.00000,
,,,5.745000000000,   0.00000,
,,,5.746000000000,   0.00800,
,,,5.747000000000,   0.00000,
,,,5.748000000000,  -0.00800,
,,,5.749000000000,  -0.00800,
,,,5.750000000000,   0.00000,
,,,5.751000000000,  -0.00800,
,,,5.752000000000,   0.00000,
,,,5.753000000000,  -0.01600,
,,,5.754000000000,   0.00800,
,,,5.755000000000,   0.00800,
,,,5.756000000000,   0.01600,
,,,5.757000000000,  -0.00800,
,,,5.758000000000,   0.00000,
,,,5.759000000000,   0.01600,
,,,5.760000000000,   0.00000,
,,,5.761000000000,   0.01600,
,,,5.762000000000,   0.00000,
,,,5.763000000000,   0.00800,
,,,5.764000000000,  -0.00800,
,,,5.765000000000,  -0.00800,
,,,5.766000000000,  -0.01600,
,,,5.767000000000,   0.00000,
,,,5.768000000000,   0.01600,
,,,5.769000000000,   0.00000,
,,,5.770000000000,   0.02400,
,,,5.771000000000,   0.00000,
,,,5.772000000000,   0.00800,
,,,5.773000000000,   0.00000,
,,,5.774000000000,   0.00000,
,,,5.775000000000,   0.01600,
,,,5.776000000000,  -0.01600,
,,,5.777000000000,   0.00000,
,,,5.778000000000,  -0.00800,
,,,5.779000000000,   0.00800,
,,,5.780000000000,   0.00000,
,,,5.781000000000,   0.00800,
,,,5.782000000000,   0.00000,
,,,5.783000000000,   0.01600,
,,,5.784000000000,   0.00000,
,,,5.785000000000,   0.00000,
,,,5.786000000000,   0.00000,
,,,5.787000000000,  -0.00800,
,,,5.788000000000,   0.00800,
,,,5.789000000000,  -0.01600,
,,,5.790000000000,   0.01600,
,,,5.791000000000,  -0.00800,
,,,5.792000000000,   0.00000,
,,,5.793000000000,   0.00800,
,,,5.794000000000,   0.00000,
,,,5.795000000000,  -0.01600,
,,,5.796000000000,  -0.00800,
,,,5.797000000000,  -0.00800,
,,,5.798000000000,   0.01600,
,,,5.799000000000,   0.00000,
,,,5.800000000000,  -0.00800,
,,,5.801000000000,   0.01600,
,,,5.802000000000,   0.01600,
,,,5.803000000000,   0.01600,
,,,5.804000000000,   0.00000,
,,,5.805000000000,   0.00000,
,,,5.806000000000,   0.01600,
,,,5.807000000000,   0.00000,
,,,5.808000000000,   0.00800,
,,,5.809000000000,  -0.01600,
,,,5.810000000000,  -0.01600,
,,,5.811000000000,   0.01600,
,,,5.812000000000,  -0.00800,
,,,5.813000000000,  -0.00800,
,,,5.814000000000,  -0.00800,
,,,5.815000000000,   0.00800,
,,,5.816000000000,   0.00800,
,,,5.817000000000,   0.01600,
,,,5.818000000000,   0.01600,
,,,5.819000000000,   0.01600,
,,,5.820000000000,  -0.00800,
,,,5.821000000000,   0.00000,
,,,5.822000000000,   0.00000,
,,,5.823000000000,  -0.00800,
,,,5.824000000000,   0.00000,
,,,5.825000000000,   0.00000,
,,,5.826000000000,   0.01600,
,,,5.827000000000,   0.01600,
,,,5.828000000000,   0.02400,
,,,5.829000000000,   0.00000,
,,,5.830000000000,  -0.01600,
,,,5.831000000000,   0.00800,
,,,5.832000000000,   0.00800,
,,,5.833000000000,  -0.01600,
,,,5.834000000000,  -0.01600,
,,,5.835000000000,   0.00000,
,,,5.836000000000,   0.00000,
,,,5.837000000000,   0.00000,
,,,5.838000000000,  -0.01600,
,,,5.839000000000,   0.01600,
,,,5.840000000000,  -0.00800,
,,,5.841000000000,  -0.01600,
,,,5.842000000000,   0.00000,
,,,5.843000000000,   0.00000,
,,,5.844000000000,   0.02400,
,,,5.845000000000,   0.01600,
,,,5.846000000000,   0.00000,
,,,5.847000000000,  -0.00800,
,,,5.848000000000,   0.01600,
,,,5.849000000000,  -0.01600,
,,,5.850000000000,   0.01600,
,,,5.851000000000,   0.00000,
,,,5.852000000000,   0.01600,
,,,5.853000000000,   0.00800,
,,,5.854000000000,   0.00000,
,,,5.855000000000,   0.00000,
,,,5.856000000000,   0.01600,
,,,5.857000000000,   0.01600,
,,,5.858000000000,  -0.01600,
,,,5.859000000000,  -0.00800,
,,,5.860000000000,   0.00000,
,,,5.861000000000,   0.01600,
,,,5.862000000000,   0.01600,
,,,5.863000000000,   0.00000,
,,,5.864000000000,   0.00800,
,,,5.865000000000,   0.00000,
,,,5.866000000000,   0.00000,
,,,5.867000000000,   0.00800,
,,,5.868000000000,  -0.00800,
,,,5.869000000000,  -0.01600,
,,,5.870000000000,   0.02400,
,,,5.871000000000,  -0.01600,
,,,5.872000000000,  -0.00800,
,,,5.873000000000,   0.02400,
,,,5.874000000000,   0.00800,
,,,5.875000000000,  -0.00800,
,,,5.876000000000,   0.01600,
,,,5.877000000000,   0.00000,
,,,5.878000000000,   0.01600,
,,,5.879000000000,   0.01600,
,,,5.880000000000,  -0.01600,
,,,5.881000000000,   0.00000,
,,,5.882000000000,   0.01600,
,,,5.883000000000,   0.00000,
,,,5.884000000000,   0.00000,
,,,5.885000000000,   0.00000,
,,,5.886000000000,   0.00800,
,,,5.887000000000,   0.00000,
,,,5.888000000000,   0.00800,
,,,5.889000000000,   0.00800,
,,,5.890000000000,  -0.00800,
,,,5.891000000000,   0.01600,
,,,5.892000000000,   0.01600,
,,,5.893000000000,   0.00800,
,,,5.894000000000,  -0.00800,
,,,5.895000000000,   0.01600,
,,,5.896000000000,   0.02400,
,,,5.897000000000,   0.00800,
,,,5.898000000000,  -0.00800,
,,,5.899000000000,   0.01600,
,,,5.900000000000,   0.01600,
,,,5.901000000000,   0.01600,
,,,5.902000000000,  -0.00800,
,,,5.903000000000,   0.00000,
,,,5.904000000000,   0.01600,
,,,5.905000000000,   0.01600,
,,,5.906000000000,  -0.01600,
,,,5.907000000000,  -0.00800,
,,,5.908000000000,  -0.01600,
,,,5.909000000000,   0.00800,
,,,5.910000000000,   0.00800,
,,,5.911000000000,   0.00800,
,,,5.912000000000,   0.00800,
,,,5.913000000000,   0.01600,
,,,5.914000000000,   0.02400,
,,,5.915000000000,   0.00000,
,,,5.916000000000,   0.01600,
,,,5.917000000000,   0.01600,
,,,5.918000000000,   0.00000,
,,,5.919000000000,   0.00000,
,,,5.920000000000,  -0.00800,
,,,5.921000000000,  -0.00800,
,,,5.922000000000,  -0.00800,
,,,5.923000000000,   0.01600,
,,,5.924000000000,   0.00000,
,,,5.925000000000,   0.00000,
,,,5.926000000000,   0.00000,
,,,5.927000000000,  -0.01600,
,,,5.928000000000,   0.00800,
,,,5.929000000000,   0.00000,
,,,5.930000000000,   0.00000,
,,,5.931000000000,   0.00000,
,,,5.932000000000,   0.01600,
,,,5.933000000000,   0.01600,
,,,5.934000000000,  -0.00800,
,,,5.935000000000,   0.01600,
,,,5.936000000000,  -0.00800,
,,,5.937000000000,   0.00000,
,,,5.938000000000,   0.00000,
,,,5.939000000000,   0.00000,
,,,5.940000000000,  -0.00800,
,,,5.941000000000,  -0.00800,
,,,5.942000000000,  -0.01600,
,,,5.943000000000,  -0.01600,
,,,5.944000000000,   0.00000,
,,,5.945000000000,   0.00800,
,,,5.946000000000,   0.00000,
,,,5.947000000000,   0.01600,
,,,5.948000000000,   0.01600,
,,,5.949000000000,   0.00800,
,,,5.950000000000,   0.01600,
,,,5.951000000000,   0.00000,
,,,5.952000000000,   0.00800,
,,,5.953000000000,  -0.00800,
,,,5.954000000000,   0.00000,
,,,5.955000000000,  -0.00800,
,,,5.956000000000,   0.00800,
,,,5.957000000000,  -0.00800,
,,,5.958000000000,  -0.01600,
,,,5.959000000000,   0.01600,
,,,5.960000000000,   0.01600,
,,,5.961000000000,   0.01600,
,,,5.962000000000,   0.01600,
,,,5.963000000000,   0.00800,
,,,5.964000000000,   0.01600,
,,,5.965000000000,   0.00800,
,,,5.966000000000,  -0.00800,
,,,5.967000000000,   0.00000,
,,,5.968000000000,   0.00800,
,,,5.969000000000,   0.00000,
,,,5.970000000000,  -0.00800,
,,,5.971000000000,  -0.00800,
,,,5.972000000000,  -0.00800,
,,,5.973000000000,   0.01600,
,,,5.974000000000,   0.00000,
,,,5.975000000000,  -0.00800,
,,,5.976000000000,   0.01600,
,,,5.977000000000,   0.00000,
,,,5.978000000000,   0.00800,
,,,5.979000000000,  -0.00800,
,,,5.980000000000,  -0.00800,
,,,5.981000000000,   0.01600,
,,,5.982000000000,   0.00000,
,,,5.983000000000,  -0.00800,
,,,5.984000000000,   0.01600,
,,,5.985000000000,   0.01600,
,,,5.986000000000,  -0.00800,
,,,5.987000000000,   0.00000,
,,,5.988000000000,   0.00000,
,,,5.989000000000,  -0.00800,
,,,5.990000000000,   0.00800,
,,,5.991000000000,  -0.01600,
,,,5.992000000000,   0.01600,
,,,5.993000000000,  -0.00800,
,,,5.994000000000,  -0.00800,
,,,5.995000000000,   0.00000,
,,,5.996000000000,   0.00000,
,,,5.997000000000,   0.00800,
,,,5.998000000000,   0.00000,
,,,5.999000000000,  -0.01600,
,,,6.000000000000,   0.47200,
,,,6.001000000000,   0.46400,
,,,6.002000000000,   0.46400,
,,,6.003000000000,   0.44800,
,,,6.004000000000,   0.44000,
,,,6.005000000000,   0.44000,
,,,6.006000000000,   0.43200,
,,,6.007000000000,   0.42400,
,,,6.008000000000,   0.41600,
,,,6.009000000000,   0.41600,
,,,6.010000000000,   0.39200,
,,,6.011000000000,   0.40000,
,,,6.012000000000,   0.39200,
,,,6.013000000000,   0.36800,
,,,6.014000000000,   0.39200,
,,,6.015000000000,   0.37600,
,,,6.016000000000,   0.38400,
,,,6.017000000000,   0.38400,
,,,6.018000000000,   0.35200,
,,,6.019000000000,   0.36000,
,,,6.020000000000,   0.35200,
,,,6.021000000000,   0.36000,
,,,6.022000000000,   0.36800,
,,,6.023000000000,   0.34400,
,,,6.024000000000,   0.34400,
,,,6.025000000000,   0.34400,
,,,6.026000000000,   0.34400,
,,,6.027000000000,   0.32000,
,,,6.028000000000,   0.30400,
,,,6.029000000000,   0.31200,
,,,6.030000000000,   0.33600,
,,,6.031000000000,   0.30400,
,,,6.032000000000,   0.29600,
,,,6.033000000000,   0.30400,
,,,6.034000000000,   0.30400,
,,,6.035000000000,   0.28800,
,,,6.036000000000,   0.28800,
,,,6.037000000000,   0.28800,
,,,6.038000000000,   0.28000,
,,,6.039000000000,   0.28000,
,,,6.040000000000,   0.27200,
,,,6.041000000000,   0.26400,
,,,6.042000000000,   0.27200,
,,,6.043000000000,   0.26400,
,,,6.044000000000,   0.25600,
,,,6.045000000000,   0.26400,
,,,6.046000000000,   0.25600,
,,,6.047000000000,   0.24000,
,,,6.048000000000,   0.25600,
,,,6.049000000000,   0.24000,
,,,6.050000000000,   0.24800,
,,,6.051000000000,   0.24000,
,,,6.052000000000,   0.23200,
,,,6.053000000000,   0.23200,
,,,6.054000000000,   0.23200,
,,,6.055000000000,   0.23200,
,,,6.056000000000,   0.20800,
,,,6.057000000000,   0.22400,
,,,6.058000000000,   0.21600,
,,,6.059000000000,   0.22400,
,,,6.060000000000,   0.20800,
,,,6.061000000000,   0.21600,
,,,6.062000000000,   0.21600,
,,,6.063000000000,   0.21600,
,,,6.064000000000,   0.20000,
,,,6.065000000000,   0.20000,
,,,6.066000000000,   0.19200,
,,,6.067000000000,   0.19200,
,,,6.068000000000,   0.20800,
,,,6.069000000000,   0.20000,
,,,6.070000000000,   0.18400,
,,,6.071000000000,   0.18400,
,,,6.072000000000,   0.17600,
,,,6.073000000000,   0.17600,
,,,6.074000000000,   0.18400,
,,,6.075000000000,   0.18400,
,,,6.076000000000,   0.16000,
,,,6.077000000000,   0.16800,
,,,6.078000000000,   0.17600,
,,,6.079000000000,   0.17600,
,,,6.080000000000,   0.14400,
,,,6.081000000000,   0.16800,
,,,6.082000000000,   0.15200,
,,,6.083000000000,   0.16000,
,,,6.084000000000,   0.15200,
,,,6.085000000000,   0.15200,
,,,6.086000000000,   0.14400,
,,,6.087000000000,   0.16000,
,,,6.088000000000,   0.14400,
,,,6.089000000000,   0.14400,
,,,6.090000000000,   0.15200,
,,,6.091000000000,   0.13600,
,,,6.092000000000,   0.13600,
,,,6.093000000000,   0.15200,
,,,6.094000000000,   0.12800,
,,,6.095000000000,   0.13600,
,,,6.096000000000,   0.14400,
,,,6.097000000000,   0.14400,
,,,6.098000000000,   0.13600,
,,,6.099000000000,   0.12000,
,,,6.100000000000,   0.14400,
,,,6.101000000000,   0.13600,
,,,6.102000000000,   0.11200,
,,,6.103000000000,   0.12800,
,,,6.104000000000,   0.12000,
,,,6.105000000000,   0.10400,
,,,6.106000000000,   0.11200,
,,,6.107000000000,   0.12800,
,,,6.108000000000,   0.12800,
,,,6.109000000000,   0.12800,
,,,6.110000000000,   0.10400,
,,,6.111000000000,   0.10400,
,,,6.112000000000,   0.10400,
,,,6.113000000000,   0.12000,
,,,6.114000000000,   0.12800,
,,,6.115000000000,   0.12000,
,,,6.116000000000,   0.11200,
,,,6.117000000000,   0.09600,
,,,6.118000000000,   0.12000,
,,,6.119000000000,   0.11200,
,,,6.120000000000,   0.09600,
,,,6.121000000000,   0.09600,
,,,6.122000000000,   0.10400,
,,,6.123000000000,   0.10400,
,,,6.124000000000,   0.10400,
,,,6.125000000000,   0.09600,
,,,6.126000000000,   0.10400,
,,,6.127000000000,   0.07200,
,,,6.128000000000,   0.09600,
,,,6.129000000000,   0.11200,
,,,6.130000000000,   0.08800,
,,,6.131000000000,   0.10400,
,,,6.132000000000,   0.09600,
,,,6.133000000000,   0.09600,
,,,6.134000000000,   0.09600,
,,,6.135000000000,   0.09600,
,,,6.136000000000,   0.06400,
,,,6.137000000000,   0.06400,
,,,6.138000000000,   0.08800,
,,,6.139000000000,   0.09600,
,,,6.140000000000,   0.07200,
,,,6.141000000000,   0.07200,
,,,6.142000000000,   0.08800,
,,,6.143000000000,   0.07200,
,,,6.144000000000,   0.09600,
,,,6.145000000000,   0.07200,
,,,6.146000000000,   0.07200,
,,,6.147000000000,   0.07200,
,,,6.148000000000,   0.07200,
,,,6.149000000000,   0.08000,
,,,6.150000000000,   0.08800,
,,,6.151000000000,   0.07200,
,,,6.152000000000,   0.06400,
,,,6.153000000000,   0.05600,
,,,6.154000000000,   0.07200,
,,,6.155000000000,   0.07200,
,,,6.156000000000,   0.07200,
,,,6.157000000000,   0.05600,
,,,6.158000000000,   0.05600,
,,,6.159000000000,   0.07200,
,,,6.160000000000,   0.05600,
,,,6.161000000000,   0.06400,
,,,6.162000000000,   0.05600,
,,,6.163000000000,   0.06400,
,,,6.164000000000,   0.04000,
,,,6.165000000000,   0.06400,
,,,6.166000000000,   0.06400,
,,,6.167000000000,   0.07200,
,,,6.168000000000,   0.06400,
,,,6.169000000000,   0.04800,
,,,6.170000000000,   0.05600,
,,,6.171000000000,   0.04800,
,,,6.172000000000,   0.04000,
,,,6.173000000000,   0.06400,
,,,6.174000000000,   0.04000,
,,,6.175000000000,   0.04800,
,,,6.176000000000,   0.05600,
,,,6.177000000000,   0.05600,
,,,6.178000000000,   0.06400,
,,,6.179000000000,   0.05600,
,,,6.180000000000,   0.06400,
,,,6.181000000000,   0.04800,
,,,6.182000000000,   0.05600,
,,,6.183000000000,   0.05600,
,,,6.184000000000,   0.04800,
,,,6.185000000000,   0.04800,
,,,6.186000000000,   0.04000,
,,,6.187000000000,   0.04800,
,,,6.188000000000,   0.04800,
,,,6.189000000000,   0.03200,
,,,6.190000000000,   0.04000,
,,,6.191000000000,   0.03200,
,,,6.192000000000,   0.04800,
,,,6.193000000000,   0.05600,
,,,6.194000000000,   0.04800,
,,,6.195000000000,   0.04000,
,,,6.196000000000,   0.03200,
,,,6.197000000000,   0.03200,
,,,6.198000000000,   0.04800,
,,,6.199000000000,   0.04000,
,,,6.200000000000,   0.04000,
,,,6.201000000000,   0.04000,
,,,6.202000000000,   0.04800,
,,,6.203000000000,   0.04000,
,,,6.204000000000,   0.04800,
,,,6.205000000000,   0.03200,
,,,6.206000000000,   0.02400,
,,,6.207000000000,   0.05600,
,,,6.208000000000,   0.03200,
,,,6.209000000000,   0.03200,
,,,6.210000000000,   0.03200,
,,,6.211000000000,   0.03200,
,,,6.212000000000,   0.02400,
,,,6.213000000000,   0.03200,
,,,6.214000000000,   0.04800,
,,,6.215000000000,   0.02400,
,,,6.216000000000,   0.04000,
,,,6.217000000000,   0.03200,
,,,6.218000000000,   0.01600,
,,,6.219000000000,   0.02400,
,,,6.220000000000,   0.03200,
,,,6.221000000000,   0.03200,
,,,6.222000000000,   0.02400,
,,,6.223000000000,   0.02400,
,,,6.224000000000,   0.04000,
,,,6.225000000000,   0.01600,
,,,6.226000000000,   0.03200,
,,,6.227000000000,   0.02400,
,,,6.228000000000,   0.04800,
,,,6.229000000000,   0.01600,
,,,6.230000000000,   0.03200,
,,,6.231000000000,   0.03200,
,,,6.232000000000,   0.02400,
,,,6.233000000000,   0.02400,
,,,6.234000000000,   0.03200,
,,,6.235000000000,   0.04000,
,,,6.236000000000,   0.01600,
,,,6.237000000000,   0.04000,
,,,6.238000000000,   0.04800,
,,,6.239000000000,   0.03200,
,,,6.240000000000,   0.01600,
,,,6.241000000000,   0.04000,
,,,6.242000000000,   0.04000,
,,,6.243000000000,   0.02400,
,,,6.244000000000,   0.01600,
,,,6.245000000000,   0.02400,
,,,6.246000000000,   0.02400,
,,,6.247000000000,   0.02400,
,,,6.248000000000,   0.02400,
,,,6.249000000000,   0.03200,
,,,6.250000000000,   0.02400,
,,,6.251000000000,   0.04000,
,,,6.252000000000,   0.02400,
,,,6.253000000000,   0.01600,
,,,6.254000000000,   0.00800,
,,,6.255000000000,   0.02400,
,,,6.256000000000,   0.01600,
,,,6.257000000000,   0.04000,
,,,6.258000000000,   0.02400,
,,,6.259000000000,   0.01600,
,,,6.260000000000,   0.01600,
,,,6.261000000000,   0.01600,
,,,6.262000000000,   0.02400,
,,,6.263000000000,   0.01600,
,,,6.264000000000,   0.00000,
,,,6.265000000000,   0.00000,
,,,6.266000000000,   0.02400,
,,,6.267000000000,   0.00800,
,,,6.268000000000,   0.02400,
,,,6.269000000000,   0.01600,
,,,6.270000000000,   0.00800,
,,,6.271000000000,   0.01600,
,,,6.272000000000,   0.01600,
,,,6.273000000000,   0.01600,
,,,6.274000000000,   0.01600,
,,,6.275000000000,   0.00800,
,,,6.276000000000,   0.00000,
,,,6.277000000000,   0.01600,
,,,6.278000000000,   0.02400,
,,,6.279000000000,   0.01600,
,,,6.280000000000,   0.01600,
,,,6.281000000000,   0.01600,
,,,6.282000000000,   0.01600,
,,,6.283000000000,   0.01600,
,,,6.284000000000,   0.04000,
,,,6.285000000000,   0.03200,
,,,6.286000000000,   0.00800,
,,,6.287000000000,   0.00000,
,,,6.288000000000,   0.01600,
,,,6.289000000000,   0.00800,
,,,6.290000000000,   0.01600,
,,,6.291000000000,   0.00800,
,,,6.292000000000,   0.01600,
,,,6.293000000000,   0.02400,
,,,6.294000000000,   0.00800,
,,,6.295000000000,   0.01600,
,,,6.296000000000,   0.01600,
,,,6.297000000000,   0.02400,
,,,6.298000000000,   0.02400,
,,,6.299000000000,   0.00800,
,,,6.300000000000,   0.01600,
,,,6.301000000000,   0.01600,
,,,6.302000000000,   0.00800,
,,,6.303000000000,   0.01600,
,,,6.304000000000,   0.02400,
,,,6.305000000000,   0.00000,
,,,6.306000000000,   0.01600,
,,,6.307000000000,   0.02400,
,,,6.308000000000,   0.02400,
,,,6.309000000000,   0.01600,
,,,6.310000000000,   0.01600,
,,,6.311000000000,   0.01600,
,,,6.312000000000,   0.00800,
,,,6.313000000000,   0.01600,
,,,6.314000000000,   0.01600,
,,,6.315000000000,   0.03200,
,,,6.316000000000,   0.00800,
,,,6.317000000000,   0.00000,
,,,6.318000000000,  -0.00800,
,,,6.319000000000,  -0.00800,
,,,6.320000000000,   0.01600,
,,,6.321000000000,   0.01600,
,,,6.322000000000,   0.00800,
,,,6.323000000000,   0.03200,
,,,6.324000000000,   0.00000,
,,,6.325000000000,   0.01600,
,,,6.326000000000,   0.00000,
,,,6.327000000000,  -0.00800,
,,,6.328000000000,   0.00000,
,,,6.329000000000,   0.00000,
,,,6.330000000000,   0.00800,
,,,6.331000000000,   0.01600,
,,,6.332000000000,   0.01600,
,,,6.333000000000,   0.00000,
,,,6.334000000000,   0.01600,
,,,6.335000000000,   0.00000,
,,,6.336000000000,   0.03200,
,,,6.337000000000,   0.02400,
,,,6.338000000000,   0.01600,
,,,6.339000000000,  -0.00800,
,,,6.340000000000,   0.00800,
,,,6.341000000000,   0.00800,
,,,6.342000000000,  -0.00800,
,,,6.343000000000,   0.01600,
,,,6.344000000000,   0.01600,
,,,6.345000000000,   0.00000,
,,,6.346000000000,   0.00800,
,,,6.347000000000,   0.00000,
,,,6.348000000000,   0.02400,
,,,6.349000000000,   0.01600,
,,,6.350000000000,   0.01600,
,,,6.351000000000,   0.00000,
,,,6.352000000000,   0.00800,
,,,6.353000000000,   0.01600,
,,,6.354000000000,   0.00000,
,,,6.355000000000,   0.00000,
,,,6.356000000000,   0.00800,
,,,6.357000000000,   0.01600,
,,,6.358000000000,   0.00800,
,,,6.359000000000,   0.00800,
,,,6.360000000000,   0.01600,
,,,6.361000000000,   0.00000,
,,,6.362000000000,   0.00800,
,,,6.363000000000,   0.01600,
,,,6.364000000000,   0.01600,
,,,6.365000000000,   0.01600,
,,,6.366000000000,   0.01600,
,,,6.367000000000,   0.01600,
,,,6.368000000000,   0.01600,
,,,6.369000000000,   0.01600,
,,,6.370000000000,   0.01600,
,,,6.371000000000,   0.02400,
,,,6.372000000000,   0.00800,
,,,6.373000000000,   0.01600,
,,,6.374000000000,   0.00800,
,,,6.375000000000,  -0.00800,
,,,6.376000000000,   0.00000,
,,,6.377000000000,   0.00800,
,,,6.378000000000,   0.00000,
,,,6.379000000000,   0.00000,
,,,6.380000000000,   0.00000,
,,,6.381000000000,   0.00800,
,,,6.382000000000,   0.00000,
,,,6.383000000000,  -0.00800,
,,,6.384000000000,   0.01600,
,,,6.385000000000,   0.00800,
,,,6.386000000000,   0.02400,
,,,6.387000000000,   0.00000,
,,,6.388000000000,   0.00800,
,,,6.389000000000,  -0.01600,
,,,6.390000000000,   0.00800,
,,,6.391000000000,   0.00800,
,,,6.392000000000,   0.00000,
,,,6.393000000000,   0.00800,
,,,6.394000000000,   0.00800,
,,,6.395000000000,   0.01600,
,,,6.396000000000,  -0.00800,
,,,6.397000000000,   0.00000,
,,,6.398000000000,   0.00800,
,,,6.399000000000,   0.00000,
,,,6.400000000000,   0.02400,
,,,6.401000000000,   0.01600,
,,,6.402000000000,   0.01600,
,,,6.403000000000,   0.00800,
,,,6.404000000000,   0.00000,
,,,6.405000000000,   0.00000,
,,,6.406000000000,   0.01600,
,,,6.407000000000,   0.00000,
,,,6.408000000000,   0.01600,
,,,6.409000000000,   0.02400,
,,,6.410000000000,   0.00000,
,,,6.411000000000,   0.00800,
,,,6.412000000000,   0.01600,
,,,6.413000000000,   0.00800,
,,,6.414000000000,   0.01600,
,,,6.415000000000,   0.00800,
,,,6.416000000000,   0.01600,
,,,6.417000000000,   0.01600,
,,,6.418000000000,   0.00800,
,,,6.419000000000,   0.02400,
,,,6.420000000000,   0.01600,
,,,6.421000000000,   0.02400,
,,,6.422000000000,   0.00000,
,,,6.423000000000,   0.01600,
,,,6.424000000000,   0.00000,
,,,6.425000000000,   0.02400,
,,,6.426000000000,   0.01600,
,,,6.427000000000,   0.00800,
,,,6.428000000000,   0.01600,
,,,6.429000000000,   0.01600,
,,,6.430000000000,   0.00000,
,,,6.431000000000,   0.00800,
,,,6.432000000000,   0.01600,
,,,6.433000000000,   0.00000,
,,,6.434000000000,   0.01600,
,,,6.435000000000,  -0.00800,
,,,6.436000000000,   0.00800,
,,,6.437000000000,  -0.00800,
,,,6.438000000000,   0.00800,
,,,6.439000000000,   0.00000,
,,,6.440000000000,   0.01600,
,,,6.441000000000,   0.00000,
,,,6.442000000000,   0.00000,
,,,6.443000000000,   0.00000,
,,,6.444000000000,   0.00000,
,,,6.445000000000,   0.00800,
,,,6.446000000000,   0.00800,
,,,6.447000000000,   0.00000,
,,,6.448000000000,   0.00000,
,,,6.449000000000,   0.01600,
,,,6.450000000000,   0.00000,
,,,6.451000000000,   0.00000,
,,,6.452000000000,   0.00000,
,,,6.453000000000,   0.00000,
,,,6.454000000000,  -0.00800,
,,,6.455000000000,   0.00800,
,,,6.456000000000,   0.01600,
,,,6.457000000000,   0.00000,
,,,6.458000000000,   0.00800,
,,,6.459000000000,   0.00800,
,,,6.460000000000,   0.00800,
,,,6.461000000000,   0.00800,
,,,6.462000000000,   0.01600,
,,,6.463000000000,   0.00800,
,,,6.464000000000,  -0.00800,
,,,6.465000000000,  -0.00800,
,,,6.466000000000,   0.00800,
,,,6.467000000000,  -0.00800,
,,,6.468000000000,   0.00000,
,,,6.469000000000,   0.00000,
,,,6.470000000000,  -0.00800,
,,,6.471000000000,   0.00000,
,,,6.472000000000,  -0.00800,
,,,6.473000000000,  -0.00800,
,,,6.474000000000,   0.00000,
,,,6.475000000000,  -0.01600,
,,,6.476000000000,   0.00000,
,,,6.477000000000,   0.01600,
,,,6.478000000000,   0.00000,
,,,6.479000000000,   0.00000,
,,,6.480000000000,   0.00000,
,,,6.481000000000,  -0.00800,
,,,6.482000000000,  -0.00800,
,,,6.483000000000,   0.00800,
,,,6.484000000000,   0.00000,
,,,6.485000000000,   0.00800,
,,,6.486000000000,  -0.00800,
,,,6.487000000000,   0.00000,
,,,6.488000000000,   0.00800,
,,,6.489000000000,   0.02400,
,,,6.490000000000,   0.01600,
,,,6.491000000000,  -0.00800,
,,,6.492000000000,  -0.01600,
,,,6.493000000000,   0.01600,
,,,6.494000000000,  -0.00800,
,,,6.495000000000,  -0.01600,
,,,6.496000000000,   0.00800,
,,,6.497000000000,   0.00800,
,,,6.498000000000,   0.01600,
,,,6.499000000000,   0.00000,
,,,6.500000000000,   0.00800,
,,,6.501000000000,  -0.00800,
,,,6.502000000000,   0.00800,
,,,6.503000000000,   0.00000,
,,,6.504000000000,   0.00000,
,,,6.505000000000,   0.00800,
,,,6.506000000000,   0.01600,
,,,6.507000000000,   0.00800,
,,,6.508000000000,   0.00000,
,,,6.509000000000,   0.00000,
,,,6.510000000000,  -0.00800,
,,,6.511000000000,   0.00800,
,,,6.512000000000,  -0.00800,
,,,6.513000000000,   0.00000,
,,,6.514000000000,   0.01600,
,,,6.515000000000,   0.00800,
,,,6.516000000000,   0.00800,
,,,6.517000000000,   0.00000,
,,,6.518000000000,   0.01600,
,,,6.519000000000,   0.01600,
,,,6.520000000000,   0.00800,
,,,6.521000000000,  -0.00800,
,,,6.522000000000,  -0.00800,
,,,6.523000000000,   0.01600,
,,,6.524000000000,   0.00800,
,,,6.525000000000,   0.00000,
,,,6.526000000000,   0.00000,
,,,6.527000000000,   0.00000,
,,,6.528000000000,   0.01600,
,,,6.529000000000,  -0.01600,
,,,6.530000000000,   0.00800,
,,,6.531000000000,   0.01600,
,,,6.532000000000,   0.00800,
,,,6.533000000000,  -0.01600,
,,,6.534000000000,   0.01600,
,,,6.535000000000,  -0.01600,
,,,6.536000000000,   0.02400,
,,,6.537000000000,  -0.00800,
,,,6.538000000000,   0.00000,
,,,6.539000000000,   0.00800,
,,,6.540000000000,  -0.00800,
,,,6.541000000000,   0.00800,
,,,6.542000000000,  -0.00800,
,,,6.543000000000,  -0.00800,
,,,6.544000000000,   0.01600,
,,,6.545000000000,   0.01600,
,,,6.546000000000,   0.01600,
,,,6.547000000000,   0.00800,
,,,6.548000000000,   0.00000,
,,,6.549000000000,   0.00800,
,,,6.550000000000,   0.00000,
,,,6.551000000000,  -0.01600,
,,,6.552000000000,   0.01600,
,,,6.553000000000,   0.00000,
,,,6.554000000000,   0.00000,
,,,6.555000000000,   0.01600,
,,,6.556000000000,  -0.00800,
,,,6.557000000000,   0.00000,
,,,6.558000000000,  -0.00800,
,,,6.559000000000,   0.00000,
,,,6.560000000000,   0.00000,
,,,6.561000000000,   0.00800,
,,,6.562000000000,   0.00800,
,,,6.563000000000,  -0.00800,
,,,6.564000000000,   0.00000,
,,,6.565000000000,   0.00800,
,,,6.566000000000,  -0.00800,
,,,6.567000000000,   0.00800,
,,,6.568000000000,  -0.00800,
,,,6.569000000000,   0.02400,
,,,6.570000000000,   0.01600,
,,,6.571000000000,   0.00800,
,,,6.572000000000,   0.00000,
,,,6.573000000000,   0.01600,
,,,6.574000000000,   0.00000,
,,,6.575000000000,  -0.01600,
,,,6.576000000000,   0.00800,
,,,6.577000000000,  -0.00800,
,,,6.578000000000,   0.01600,
,,,6.579000000000,   0.01600,
,,,6.580000000000,   0.00800,
,,,6.581000000000,   0.00800,
,,,6.582000000000,  -0.00800,
,,,6.583000000000,   0.00000,
,,,6.584000000000,   0.02400,
,,,6.585000000000,   0.01600,
,,,6.586000000000,   0.00800,
,,,6.587000000000,   0.00800,
,,,6.588000000000,   0.00000,
,,,6.589000000000,  -0.00800,
,,,6.590000000000,   0.00000,
,,,6.591000000000,   0.00000,
,,,6.592000000000,  -0.00800,
,,,6.593000000000,   0.00000,
,,,6.594000000000,   0.00000,
,,,6.595000000000,  -0.00800,
,,,6.596000000000,  -0.01600,
,,,6.597000000000,  -0.01600,
,,,6.598000000000,   0.00800,
,,,6.599000000000,   0.01600,
,,,6.600000000000,   0.02400,
,,,6.601000000000,   0.02400,
,,,6.602000000000,   0.00800,
,,,6.603000000000,   0.00800,
,,,6.604000000000,   0.01600,
,,,6.605000000000,   0.00800,
,,,6.606000000000,   0.00800,
,,,6.607000000000,   0.00000,
,,,6.608000000000,   0.02400,
,,,6.609000000000,  -0.01600,
,,,6.610000000000,   0.03200,
,,,6.611000000000,  -0.01600,
,,,6.612000000000,   0.01600,
,,,6.613000000000,   0.00000,
,,,6.614000000000,  -0.00800,
,,,6.615000000000,   0.00000,
,,,6.616000000000,   0.01600,
,,,6.617000000000,   0.00000,
,,,6.618000000000,   0.00800,
,,,6.619000000000,   0.00000,
,,,6.620000000000,   0.01600,
,,,6.621000000000,   0.01600,
,,,6.622000000000,   0.01600,
,,,6.623000000000,   0.01600,
,,,6.624000000000,   0.01600,
,,,6.625000000000,   0.01600,
,,,6.626000000000,   0.00000,
,,,6.627000000000,  -0.01600,
,,,6.628000000000,   0.01600,
,,,6.629000000000,   0.01600,
,,,6.630000000000,   0.00800,
,,,6.631000000000,   0.01600,
,,,6.632000000000,   0.00000,
,,,6.633000000000,   0.02400,
,,,6.634000000000,  -0.00800,
,,,6.635000000000,   0.00000,
,,,6.636000000000,  -0.00800,
,,,6.637000000000,   0.00000,
,,,6.638000000000,   0.00800,
,,,6.639000000000,   0.00000,
,,,6.640000000000,  -0.01600,
,,,6.641000000000,   0.00800,
,,,6.642000000000,   0.01600,
,,,6.643000000000,   0.01600,
,,,6.644000000000,   0.00000,
,,,6.645000000000,   0.00000,
,,,6.646000000000,   0.00800,
,,,6.647000000000,   0.00800,
,,,6.648000000000,   0.00000,
,,,6.649000000000,   0.01600,
,,,6.650000000000,   0.01600,
,,,6.651000000000,   0.01600,
,,,6.652000000000,   0.01600,
,,,6.653000000000,   0.00000,
,,,6.654000000000,   0.01600,
,,,6.655000000000,   0.00800,
,,,6.656000000000,   0.00000,
,,,6.657000000000,   0.01600,
,,,6.658000000000,  -0.00800,
,,,6.659000000000,   0.02400,
,,,6.660000000000,   0.00000,
,,,6.661000000000,   0.00000,
,,,6.662000000000,   0.00000,
,,,6.663000000000,   0.00000,
,,,6.664000000000,   0.00000,
,,,6.665000000000,   0.01600,
,,,6.666000000000,   0.01600,
,,,6.667000000000,  -0.00800,
,,,6.668000000000,   0.01600,
,,,6.669000000000,   0.00000,
,,,6.670000000000,   0.00000,
,,,6.671000000000,  -0.00800,
,,,6.672000000000,   0.00800,
,,,6.673000000000,  -0.00800,
,,,6.674000000000,   0.01600,
,,,6.675000000000,  -0.00800,
,,,6.676000000000,   0.00000,
,,,6.677000000000,  -0.01600,
,,,6.678000000000,   0.00800,
,,,6.679000000000,   0.01600,
,,,6.680000000000,  -0.02400,
,,,6.681000000000,   0.00800,
,,,6.682000000000,  -0.00800,
,,,6.683000000000,   0.01600,
,,,6.684000000000,   0.01600,
,,,6.685000000000,  -0.00800,
,,,6.686000000000,   0.02400,
,,,6.687000000000,   0.00000,
,,,6.688000000000,   0.00000,
,,,6.689000000000,   0.00800,
,,,6.690000000000,   0.01600,
,,,6.691000000000,   0.01600,
,,,6.692000000000,   0.00800,
,,,6.693000000000,   0.01600,
,,,6.694000000000,   0.00000,
,,,6.695000000000,   0.00000,
,,,6.696000000000,   0.00000,
,,,6.697000000000,   0.01600,
,,,6.698000000000,   0.00800,
,,,6.699000000000,   0.00000,
,,,6.700000000000,   0.00000,
,,,6.701000000000,   0.01600,
,,,6.702000000000,   0.00000,
,,,6.703000000000,   0.01600,
,,,6.704000000000,  -0.00800,
,,,6.705000000000,   0.00800,
,,,6.706000000000,   0.00000,
,,,6.707000000000,   0.00000,
,,,6.708000000000,   0.00000,
,,,6.709000000000,   0.00000,
,,,6.710000000000,   0.00000,
,,,6.711000000000,   0.01600,
,,,6.712000000000,   0.00000,
,,,6.713000000000,   0.01600,
,,,6.714000000000,   0.00000,
,,,6.715000000000,  -0.00800,
,,,6.716000000000,   0.00000,
,,,6.717000000000,  -0.00800,
,,,6.718000000000,   0.01600,
,,,6.719000000000,  -0.00800,
,,,6.720000000000,  -0.00800,
,,,6.721000000000,   0.00000,
,,,6.722000000000,   0.01600,
,,,6.723000000000,   0.00000,
,,,6.724000000000,   0.00000,
,,,6.725000000000,   0.00800,
,,,6.726000000000,   0.00800,
,,,6.727000000000,  -0.00800,
,,,6.728000000000,   0.01600,
,,,6.729000000000,   0.00800,
,,,6.730000000000,  -0.01600,
,,,6.731000000000,   0.00000,
,,,6.732000000000,   0.00000,
,,,6.733000000000,   0.01600,
,,,6.734000000000,  -0.01600,
,,,6.735000000000,  -0.01600,
,,,6.736000000000,  -0.00800,
,,,6.737000000000,   0.01600,
,,,6.738000000000,   0.00800,
,,,6.739000000000,   0.01600,
,,,6.740000000000,   0.01600,
,,,6.741000000000,  -0.00800,
,,,6.742000000000,   0.02400,
,,,6.743000000000,   0.00800,
,,,6.744000000000,  -0.01600,
,,,6.745000000000,   0.00800,
,,,6.746000000000,   0.02400,
,,,6.747000000000,  -0.00800,
,,,6.748000000000,   0.00800,
,,,6.749000000000,   0.01600,
,,,6.750000000000,   0.00000,
,,,6.751000000000,   0.00000,
,,,6.752000000000,   0.01600,
,,,6.753000000000,   0.00800,
,,,6.754000000000,   0.00800,
,,,6.755000000000,  -0.00800,
,,,6.756000000000,  -0.00800,
,,,6.757000000000,   0.00000,
,,,6.758000000000,   0.00000,
,,,6.759000000000,   0.00000,
,,,6.760000000000,   0.00000,
,,,6.761000000000,   0.01600,
,,,6.762000000000,  -0.00800,
,,,6.763000000000,  -0.01600,
,,,6.764000000000,   0.01600,
,,,6.765000000000,   0.02400,
,,,6.766000000000,   0.01600,
,,,6.767000000000,   0.01600,
,,,6.768000000000,   0.00800,
,,,6.769000000000,  -0.00800,
,,,6.770000000000,  -0.00800,
,,,6.771000000000,  -0.00800,
,,,6.772000000000,   0.01600,
,,,6.773000000000,  -0.00800,
,,,6.774000000000,  -0.00800,
,,,6.775000000000,   0.00800,
,,,6.776000000000,   0.00800,
,,,6.777000000000,   0.01600,
,,,6.778000000000,   0.01600,
,,,6.779000000000,   0.00000,
,,,6.780000000000,   0.02400,
,,,6.781000000000,   0.00800,
,,,6.782000000000,   0.01600,
,,,6.783000000000,  -0.00800,
,,,6.784000000000,   0.00000,
,,,6.785000000000,  -0.00800,
,,,6.786000000000,   0.02400,
,,,6.787000000000,   0.01600,
,,,6.788000000000,   0.01600,
,,,6.789000000000,   0.00800,
,,,6.790000000000,   0.00800,
,,,6.791000000000,  -0.01600,
,,,6.792000000000,  -0.00800,
,,,6.793000000000,   0.01600,
,,,6.794000000000,   0.00800,
,,,6.795000000000,  -0.00800,
,,,6.796000000000,  -0.00800,
,,,6.797000000000,   0.00800,
,,,6.798000000000,   0.00800,
,,,6.799000000000,   0.00000,
,,,6.800000000000,   0.00800,
,,,6.801000000000,   0.01600,
,,,6.802000000000,   0.00000,
,,,6.803000000000,   0.00800,
,,,6.804000000000,   0.01600,
,,,6.805000000000,   0.00000,
,,,6.806000000000,   0.00000,
,,,6.807000000000,   0.00000,
,,,6.808000000000,   0.00000,
,,,6.809000000000,   0.00800,
,,,6.810000000000,   0.01600,
,,,6.811000000000,  -0.00800,
,,,6.812000000000,   0.00800,
,,,6.813000000000,   0.00000,
,,,6.814000000000,   0.01600,
,,,6.815000000000,  -0.00800,
,,,6.816000000000,   0.00800,
,,,6.817000000000,  -0.01600,
,,,6.818000000000,   0.02400,
,,,6.819000000000,   0.01600,
,,,6.820000000000,   0.01600,
,,,6.821000000000,   0.00000,
,,,6.822000000000,   0.00800,
,,,6.823000000000,   0.00800,
,,,6.824000000000,   0.00000,
,,,6.825000000000,  -0.00800,
,,,6.826000000000,   0.00000,
,,,6.827000000000,   0.00800,
,,,6.828000000000,   0.00000,
,,,6.829000000000,   0.00000,
,,,6.830000000000,  -0.02400,
,,,6.831000000000,   0.00800,
,,,6.832000000000,  -0.00800,
,,,6.833000000000,  -0.00800,
,,,6.834000000000,  -0.00800,
,,,6.835000000000,   0.00000,
,,,6.836000000000,   0.01600,
,,,6.837000000000,   0.00000,
,,,6.838000000000,  -0.00800,
,,,6.839000000000,   0.00000,
,,,6.840000000000,  -0.00800,
,,,6.841000000000,   0.01600,
,,,6.842000000000,   0.00000,
,,,6.843000000000,  -0.00800,
,,,6.844000000000,  -0.00800,
,,,6.845000000000,   0.00000,
,,,6.846000000000,   0.00000,
,,,6.847000000000,   0.00000,
,,,6.848000000000,  -0.00800,
,,,6.849000000000,   0.00800,
,,,6.850000000000,  -0.00800,
,,,6.851000000000,   0.00800,
,,,6.852000000000,  -0.00800,
,,,6.853000000000,   0.00800,
,,,6.854000000000,   0.00800,
,,,6.855000000000,   0.00000,
,,,6.856000000000,   0.00000,
,,,6.857000000000,   0.01600,
,,,6.858000000000,   0.00000,
,,,6.859000000000,   0.01600,
,,,6.860000000000,   0.01600,
,,,6.861000000000,  -0.02400,
,,,6.862000000000,   0.00000,
,,,6.863000000000,   0.00800,
,,,6.864000000000,   0.00000,
,,,6.865000000000,   0.00800,
,,,6.866000000000,  -0.00800,
,,,6.867000000000,  -0.00800,
,,,6.868000000000,   0.00800,
,,,6.869000000000,   0.01600,
,,,6.870000000000,  -0.00800,
,,,6.871000000000,  -0.01600,
,,,6.872000000000,  -0.00800,
,,,6.873000000000,   0.00800,
,,,6.874000000000,   0.00800,
,,,6.875000000000,   0.00000,
,,,6.876000000000,   0.00800,
,,,6.877000000000,   0.01600,
,,,6.878000000000,   0.00000,
,,,6.879000000000,   0.00800,
,,,6.880000000000,   0.00800,
,,,6.881000000000,   0.00800,
,,,6.882000000000,  -0.00800,
,,,6.883000000000,   0.00000,
,,,6.884000000000,   0.00800,
,,,6.885000000000,   0.00000,
,,,6.886000000000,   0.00000,
,,,6.887000000000,  -0.00800,
,,,6.888000000000,   0.01600,
,,,6.889000000000,   0.00000,
,,,6.890000000000,   0.00000,
,,,6.891000000000,  -0.00800,
,,,6.892000000000,   0.01600,
,,,6.893000000000,   0.01600,
,,,6.894000000000,   0.00800,
,,,6.895000000000,   0.00000,
,,,6.896000000000,   0.00800,
,,,6.897000000000,   0.00800,
,,,6.898000000000,   0.01600,
,,,6.899000000000,   0.00800,
,,,6.900000000000,  -0.00800,
,,,6.901000000000,   0.00000,
,,,6.902000000000,  -0.00800,
,,,6.903000000000,  -0.00800,
,,,6.904000000000,   0.00000,
,,,6.905000000000,   0.02400,
,,,6.906000000000,  -0.00800,
,,,6.907000000000,   0.00800,
,,,6.908000000000,   0.00000,
,,,6.909000000000,   0.01600,
,,,6.910000000000,   0.00000,
,,,6.911000000000,   0.01600,
,,,6.912000000000,   0.00000,
,,,6.913000000000,   0.00800,
,,,6.914000000000,  -0.01600,
,,,6.915000000000,   0.02400,
,,,6.916000000000,  -0.00800,
,,,6.917000000000,   0.00000,
,,,6.918000000000,   0.00800,
,,,6.919000000000,  -0.00800,
,,,6.920000000000,   0.00000,
,,,6.921000000000,   0.00800,
,,,6.922000000000,   0.00000,
,,,6.923000000000,   0.00800,
,,,6.924000000000,  -0.01600,
,,,6.925000000000,   0.00000,
,,,6.926000000000,   0.01600,
,,,6.927000000000,   0.00000,
,,,6.928000000000,   0.03200,
,,,6.929000000000,   0.00000,
,,,6.930000000000,   0.01600,
,,,6.931000000000,   0.00800,
,,,6.932000000000,   0.01600,
,,,6.933000000000,  -0.00800,
,,,6.934000000000,   0.00800,
,,,6.935000000000,   0.00000,
,,,6.936000000000,   0.00000,
,,,6.937000000000,   0.00000,
,,,6.938000000000,   0.00000,
,,,6.939000000000,   0.00000,
,,,6.940000000000,   0.00800,
,,,6.941000000000,   0.00800,
,,,6.942000000000,   0.01600,
,,,6.943000000000,   0.00000,
,,,6.944000000000,   0.00800,
,,,6.945000000000,  -0.00800,
,,,6.946000000000,   0.01600,
,,,6.947000000000,  -0.00800,
,,,6.948000000000,   0.00000,
,,,6.949000000000,   0.00000,
,,,6.950000000000,   0.01600,
,,,6.951000000000,  -0.00800,
,,,6.952000000000,   0.00000,
,,,6.953000000000,   0.01600,
,,,6.954000000000,   0.01600,
,,,6.955000000000,   0.00800,
,,,6.956000000000,  -0.00800,
,,,6.957000000000,   0.01600,
,,,6.958000000000,   0.00800,
,,,6.959000000000,   0.00000,
,,,6.960000000000,   0.00000,
,,,6.961000000000,   0.00800,
,,,6.962000000000,   0.00000,
,,,6.963000000000,   0.01600,
,,,6.964000000000,   0.01600,
,,,6.965000000000,   0.00000,
,,,6.966000000000,   0.00000,
,,,6.967000000000,   0.00800,
,,,6.968000000000,   0.00800,
,,,6.969000000000,   0.00800,
,,,6.970000000000,   0.00800,
,,,6.971000000000,  -0.00800,
,,,6.972000000000,   0.00800,
,,,6.973000000000,   0.00000,
,,,6.974000000000,   0.01600,
,,,6.975000000000,   0.00800,
,,,6.976000000000,  -0.00800,
,,,6.977000000000,   0.00800,
,,,6.978000000000,   0.00800,
,,,6.979000000000,  -0.00800,
,,,6.980000000000,   0.01600,
,,,6.981000000000,  -0.00800,
,,,6.982000000000,   0.01600,
,,,6.983000000000,   0.00800,
,,,6.984000000000,   0.02400,
,,,6.985000000000,   0.00800,
,,,6.986000000000,   0.00800,
,,,6.987000000000,   0.00800,
,,,6.988000000000,   0.02400,
,,,6.989000000000,   0.00000,
,,,6.990000000000,   0.00000,
,,,6.991000000000,   0.01600,
,,,6.992000000000,   0.00000,
,,,6.993000000000,  -0.00800,
,,,6.994000000000,   0.00000,
,,,6.995000000000,   0.01600,
,,,6.996000000000,   0.01600,
,,,6.997000000000,   0.01600,
,,,6.998000000000,   0.00800,
,,,6.999000000000,   0.00000,
,,,7.000000000000,  -0.47200,
,,,7.001000000000,  -0.45600,
,,,7.002000000000,  -0.44800,
,,,7.003000000000,  -0.44800,
,,,7.004000000000,  -0.42400,
,,,7.005000000000,  -0.41600,
,,,7.006000000000,  -0.44000,
,,,7.007000000000,  -0.42400,
,,,7.008000000000,  -0.41600,
,,,7.009000000000,  -0.42400,
,,,7.010000000000,  -0.40800,
,,,7.011000000000,  -0.39200,
,,,7.012000000000,  -0.38400,
,,,7.013000000000,  -0.38400,
,,,7.014000000000,  -0.39200,
,,,7.015000000000,  -0.36000,
,,,7.016000000000,  -0.36000,
,,,7.017000000000,  -0.36000,
,,,7.018000000000,  -0.36800,
,,,7.019000000000,  -0.36000,
,,,7.020000000000,  -0.35200,
,,,7.021000000000,  -0.33600,
,,,7.022000000000,  -0.33600,
,,,7.023000000000,  -0.33600,
,,,7.024000000000,  -0.32800,
,,,7.025000000000,  -0.33600,
,,,7.026000000000,  -0.32000,
,,,7.027000000000,  -0.33600,
,,,7.028000000000,  -0.32000,
,,,7.029000000000,  -0.30400,
,,,7.030000000000,  -0.30400,
,,,7.031000000000,  -0.30400,
,,,7.032000000000,  -0.28000,
,,,7.033000000000,  -0.29600,
,,,7.034000000000,  -0.28800,
,,,7.035000000000,  -0.29600,
,,,7.036000000000,  -0.28000,
,,,7.037000000000,  -0.27200,
,,,7.038000000000,  -0.27200,
,,,7.039000000000,  -0.26400,
,,,7.040000000000,  -0.28000,
,,,7.041000000000,  -0.26400,
,,,7.042000000000,  -0.24800,
,,,7.043000000000,  -0.27200,
,,,7.044000000000,  -0.26400,
,,,7.045000000000,  -0.25600,
,,,7.046000000000,  -0.24800,
,,,7.047000000000,  -0.24800,
,,,7.048000000000,  -0.24000,
,,,7.049000000000,  -0.24800,
,,,7.050000000000,  -0.21600,
,,,7.051000000000,  -0.22400,
,,,7.052000000000,  -0.21600,
,,,7.053000000000,  -0.22400,
,,,7.054000000000,  -0.20800,
,,,7.055000000000,  -0.22400,
,,,7.056000000000,  -0.21600,
,,,7.057000000000,  -0.22400,
,,,7.058000000000,  -0.20800,
,,,7.059000000000,  -0.20800,
,,,7.060000000000,  -0.22400,
,,,7.061000000000,  -0.20800,
,,,7.062000000000,  -0.20000,
,,,7.063000000000,  -0.19200,
,,,7.064000000000,  -0.19200,
,,,7.065000000000,  -0.20800,
,,,7.066000000000,  -0.20000,
,,,7.067000000000,  -0.18400,
,,,7.068000000000,  -0.17600,
,,,7.069000000000,  -0.18400,
,,,7.070000000000,  -0.17600,
,,,7.071000000000,  -0.19200,
,,,7.072000000000,  -0.17600,
,,,7.073000000000,  -0.17600,
,,,7.074000000000,  -0.18400,
,,,7.075000000000,  -0.19200,
,,,7.076000000000,  -0.16800,
,,,7.077000000000,  -0.17600,
,,,7.078000000000,  -0.16800,
,,,7.079000000000,  -0.16800,
,,,7.080000000000,  -0.17600,
,,,7.081000000000,  -0.13600,
,,,7.082000000000,  -0.16000,
,,,7.083000000000,  -0.15200,
,,,7.084000000000,  -0.15200,
,,,7.085000000000,  -0.14400,
,,,7.086000000000,  -0.13600,
,,,7.087000000000,  -0.14400,
,,,7.088000000000,  -0.14400,
,,,7.089000000000,  -0.13600,
,,,7.090000000000,  -0.14400,
,,,7.091000000000,  -0.14400,
,,,7.092000000000,  -0.15200,
,,,7.093000000000,  -0.14400,
,,,7.094000000000,  -0.13600,
,,,7.095000000000,  -0.13600,
,,,7.096000000000,  -0.12800,
,,,7.097000000000,  -0.12000,
,,,7.098000000000,  -0.13600,
,,,7.099000000000,  -0.12800,
,,,7.100000000000,  -0.13600,
,,,7.101000000000,  -0.13600,
,,,7.102000000000,  -0.12800,
,,,7.103000000000,  -0.13600,
,,,7.104000000000,  -0.12000,
,,,7.105000000000,  -0.10400,
,,,7.106000000000,  -0.12000,
,,,7.107000000000,  -0.11200,
,,,7.108000000000,  -0.12000,
,,,7.109000000000,  -0.10400,
,,,7.110000000000,  -0.11200,
,,,7.111000000000,  -0.10400,
,,,7.112000000000,  -0.10400,
,,,7.113000000000,  -0.12000,
,,,7.114000000000,  -0.09600,
,,,7.115000000000,  -0.08800,
,,,7.116000000000,  -0.07200,
,,,7.117000000000,  -0.09600,
,,,7.118000000000,  -0.10400,
,,,7.119000000000,  -0.07200,
,,,7.120000000000,  -0.10400,
,,,7.121000000000,  -0.11200,
,,,7.122000000000,  -0.09600,
,,,7.123000000000,  -0.08800,
,,,7.124000000000,  -0.09600,
,,,7.125000000000,  -0.09600,
,,,7.126000000000,  -0.09600,
,,,7.127000000000,  -0.07200,
,,,7.128000000000,  -0.05600,
,,,7.129000000000,  -0.10400,
,,,7.130000000000,  -0.08800,
,,,7.131000000000,  -0.11200,
,,,7.132000000000,  -0.08800,
,,,7.133000000000,  -0.08000,
,,,7.134000000000,  -0.07200,
,,,7.135000000000,  -0.07200,
,,,7.136000000000,  -0.08000,
,,,7.137000000000,  -0.07200,
,,,7.138000000000,  -0.07200,
,,,7.139000000000,  -0.08800,
,,,7.140000000000,  -0.06400,
,,,7.141000000000,  -0.07200,
,,,7.142000000000,  -0.08000,
,,,7.143000000000,  -0.08000,
,,,7.144000000000,  -0.06400,
,,,7.145000000000,  -0.08000,
,,,7.146000000000,  -0.08000,
,,,7.147000000000,  -0.08000,
,,,7.148000000000,  -0.07200,
,,,7.149000000000,  -0.05600,
,,,7.150000000000,  -0.05600,
,,,7.151000000000,  -0.06400,
,,,7.152000000000,  -0.05600,
,,,7.153000000000,  -0.05600,
,,,7.154000000000,  -0.06400,
,,,7.155000000000,  -0.05600,
,,,7.156000000000,  -0.05600,
,,,7.157000000000,  -0.06400,
,,,7.158000000000,  -0.06400,
,,,7.159000000000,  -0.04800,
,,,7.160000000000,  -0.08000,
,,,7.161000000000,  -0.06400,
,,,7.162000000000,  -0.06400,
,,,7.163000000000,  -0.04000,
,,,7.164000000000,  -0.04800,
,,,7.165000000000,  -0.04800,
,,,7.166000000000,  -0.05600,
,,,7.167000000000,  -0.04800,
,,,7.168000000000,  -0.05600,
,,,7.169000000000,  -0.05600,
,,,7.170000000000,  -0.04800,
,,,7.171000000000,  -0.04800,
,,,7.172000000000,  -0.06400,
,,,7.173000000000,  -0.05600,
,,,7.174000000000,  -0.04000,
,,,7.175000000000,  -0.04000,
,,,7.176000000000,  -0.06400,
,,,7.177000000000,  -0.06400,
,,,7.178000000000,  -0.04000,
,,,7.179000000000,  -0.03200,
,,,7.180000000000,  -0.04000,
,,,7.181000000000,  -0.04800,
,,,7.182000000000,  -0.04800,
,,,7.183000000000,  -0.05600,
,,,7.184000000000,  -0.04000,
,,,7.185000000000,  -0.03200,
,,,7.186000000000,  -0.05600,
,,,7.187000000000,  -0.05600,
,,,7.188000000000,  -0.03200,
,,,7.189000000000,  -0.04800,
,,,7.190000000000,  -0.03200,
,,,7.191000000000,  -0.04800,
,,,7.192000000000,  -0.04000,
,,,7.193000000000,  -0.03200,
,,,7.194000000000,  -0.04000,
,,,7.195000000000,  -0.03200,
,,,7.196000000000,  -0.02400,
,,,7.197000000000,  -0.01600,
,,,7.198000000000,  -0.04000,
,,,7.199000000000,  -0.04800,
,,,7.200000000000,  -0.03200,
,,,7.201000000000,  -0.04000,
,,,7.202000000000,  -0.04800,
,,,7.203000000000,  -0.01600,
,,,7.204000000000,  -0.03200,
,,,7.205000000000,  -0.00800,
,,,7.206000000000,  -0.04000,
,,,7.207000000000,  -0.03200,
,,,7.208000000000,  -0.01600,
,,,7.209000000000,  -0.03200,
,,,7.210000000000,  -0.04000,
,,,7.211000000000,  -0.02400,
,,,7.212000000000,  -0.01600,
,,,7.213000000000,  -0.02400,
,,,7.214000000000,  -0.03200,
,,,7.215000000000,  -0.02400,
,,,7.216000000000,  -0.04000,
,,,7.217000000000,  -0.02400,
,,,7.218000000000,  -0.04800,
,,,7.219000000000,  -0.03200,
,,,7.220000000000,  -0.01600,
,,,7.221000000000,  -0.01600,
,,,7.222000000000,  -0.02400,
,,,7.223000000000,  -0.03200,
,,,7.224000000000,  -0.00800,
,,,7.225000000000,  -0.02400,
,,,7.226000000000,  -0.03200,
,,,7.227000000000,   0.00000,
,,,7.228000000000,  -0.01600,
,,,7.229000000000,  -0.01600,
,,,7.230000000000,  -0.04000,
,,,7.231000000000,  -0.02400,
,,,7.232000000000,  -0.00800,
,,,7.233000000000,  -0.02400,
,,,7.234000000000,  -0.01600,
,,,7.235000000000,  -0.03200,
,,,7.236000000000,  -0.02400,
,,,7.237000000000,  -0.03200,
,,,7.238000000000,  -0.01600,
,,,7.239000000000,  -0.02400,
,,,7.240000000000,  -0.03200,
,,,7.241000000000,  -0.01600,
,,,7.242000000000,  -0.00800,
,,,7.243000000000,  -0.01600,
,,,7.244000000000,  -0.03200,
,,,7.245000000000,  -0.01600,
,,,7.246000000000,  -0.00800,
,,,7.247000000000,  -0.02400,
,,,7.248000000000,  -0.01600,
,,,7.249000000000,  -0.01600,
,,,7.250000000000,  -0.01600,
,,,7.251000000000,  -0.01600,
,,,7.252000000000,  -0.00800,
,,,7.253000000000,  -0.01600,
,,,7.254000000000,  -0.02400,
,,,7.255000000000,   0.00000,
,,,7.256000000000,  -0.00800,
,,,7.257000000000,  -0.01600,
,,,7.258000000000,  -0.01600,
,,,7.259000000000,  -0.01600,
,,,7.260000000000,  -0.00800,
,,,7.261000000000,   0.00000,
,,,7.262000000000,   0.00000,
,,,7.263000000000,  -0.00800,
,,,7.264000000000,  -0.01600,
