Record Length,2.500000e+03,,  -8.490000000000,   0.00000,
Sample Interval,1.000000e-02,,  -8.480000000000,   0.00000,
Trigger Point,8.490000000000e+02,,  -8.470000000000,   0.01600,
,,,  -8.460000000000,  -0.02400,
,,,  -8.450000000000,   0.00000,
,,,  -8.440000000000,   0.02400,
Source,CH2,,  -8.430000000000,   0.01600,
Vertical Units,V,,  -8.420000000000,   0.03200,
Vertical Scale,2.000000e-01,,  -8.410000000000,   0.00000,
Vertical Offset,-8.000000e-03,,  -8.400000000000,  -0.01600,
Horizontal Units,s,,  -8.390000000000,   0.02400,
Horizontal Scale,2.500000e+00,,  -8.380000000000,  -0.00800,
Pt Fmt,Y,,  -8.370000000000,   0.00000,
Yzero,0.000000e+00,,  -8.360000000000,   0.00800,
Probe Atten,1.000000e+01,,  -8.350000000000,   0.01600,
Model Number,TDS2024C,,  -8.340000000000,   0.00800,
Serial Number,C040020,,  -8.330000000000,   0.00800,
Firmware Version,FV:v24.26,,  -8.320000000000,   0.01600,
,,,-08.310000000000,   0.00000,
,,,-08.300000000000,   0.00000,
,,,-08.290000000000,   0.01600,
,,,-08.280000000000,   0.00800,
,,,-08.270000000000,   0.00800,
,,,-08.260000000000,   0.00800,
,,,-08.250000000000,   0.00000,
,,,-08.240000000000,   0.00800,
,,,-08.230000000000,   0.00000,
,,,-08.220000000000,  -0.02400,
,,,-08.210000000000,   0.00800,
,,,-08.200000000000,   0.00000,
,,,-08.190000000000,   0.00000,
,,,-08.180000000000,   0.01600,
,,,-08.170000000000,   0.03200,
,,,-08.160000000000,   0.00800,
,,,-08.150000000000,   0.02400,
,,,-08.140000000000,   0.00000,
,,,-08.130000000000,   0.00000,
,,,-08.120000000000,   0.01600,
,,,-08.110000000000,   0.00800,
,,,-08.100000000000,   0.00000,
,,,-08.090000000000,  -0.00800,
,,,-08.080000000000,   0.00000,
,,,-08.070000000000,  -0.02400,
,,,-08.060000000000,   0.01600,
,,,-08.050000000000,   0.00800,
,,,-08.040000000000,   0.00800,
,,,-08.030000000000,   0.00000,
,,,-08.020000000000,   0.01600,
,,,-08.010000000000,  -0.01600,
,,,-08.000000000000,  -0.00800,
,,,-07.990000000000,  -0.01600,
,,,-07.980000000000,   0.40800,
,,,-07.970000000000,   0.37600,
,,,-07.960000000000,   0.31200,
,,,-07.950000000000,   0.28800,
,,,-07.940000000000,   0.24000,
,,,-07.930000000000,   0.21600,
,,,-07.920000000000,   0.20000,
,,,-07.910000000000,   0.16800,
,,,-07.900000000000,   0.15200,
,,,-07.890000000000,   0.13600,
,,,-07.880000000000,   0.12800,
,,,-07.870000000000,   0.11200,
,,,-07.860000000000,   0.10400,
,,,-07.850000000000,   0.09600,
,,,-07.840000000000,   0.08800,
,,,-07.830000000000,   0.08000,
,,,-07.820000000000,   0.03200,
,,,-07.810000000000,   0.07200,
,,,-07.800000000000,   0.04800,
,,,-07.790000000000,   0.04800,
,,,-07.780000000000,   0.03200,
,,,-07.770000000000,   0.02400,
,,,-07.760000000000,   0.02400,
,,,-07.750000000000,   0.02400,
,,,-07.740000000000,   0.01600,
,,,-07.730000000000,   0.03200,
,,,-07.720000000000,   0.03200,
,,,-07.710000000000,   0.00000,
,,,-07.700000000000,   0.00800,
,,,-07.690000000000,   0.00800,
,,,-07.680000000000,   0.01600,
,,,-07.670000000000,   0.02400,
,,,-07.660000000000,   0.00800,
,,,-07.650000000000,   0.01600,
,,,-07.640000000000,   0.00000,
,,,-07.630000000000,   0.00000,
,,,-07.620000000000,   0.00800,
,,,-07.610000000000,   0.01600,
,,,-07.600000000000,   0.00000,
,,,-07.590000000000,   0.02400,
,,,-07.580000000000,   0.00000,
,,,-07.570000000000,  -0.01600,
,,,-07.560000000000,   0.00800,
,,,-07.550000000000,   0.00000,
,,,-07.540000000000,   0.00000,
,,,-07.530000000000,   0.00800,
,,,-07.520000000000,   0.01600,
,,,-07.510000000000,   0.00800,
,,,-07.500000000000,   0.00800,
,,,-07.490000000000,   0.00800,
,,,-07.480000000000,  -0.00800,
,,,-07.470000000000,   0.00000,
,,,-07.460000000000,  -0.00800,
,,,-07.450000000000,   0.00000,
,,,-07.440000000000,   0.00000,
,,,-07.430000000000,   0.00800,
,,,-07.420000000000,   0.00000,
,,,-07.410000000000,   0.01600,
,,,-07.400000000000,   0.00000,
,,,-07.390000000000,   0.01600,
,,,-07.380000000000,   0.01600,
,,,-07.370000000000,   0.00800,
,,,-07.360000000000,   0.00800,
,,,-07.350000000000,   0.02400,
,,,-07.340000000000,   0.00000,
,,,-07.330000000000,   0.01600,
,,,-07.320000000000,   0.02400,
,,,-07.310000000000,   0.00000,
,,,-07.300000000000,   0.01600,
,,,-07.290000000000,   0.00800,
,,,-07.280000000000,   0.00800,
,,,-07.270000000000,   0.00000,
,,,-07.260000000000,   0.00000,
,,,-07.250000000000,   0.00800,
,,,-07.240000000000,  -0.00800,
,,,-07.230000000000,   0.00800,
,,,-07.220000000000,   0.00000,
,,,-07.210000000000,   0.00800,
,,,-07.200000000000,   0.00800,
,,,-07.190000000000,   0.01600,
,,,-07.180000000000,   0.00800,
,,,-07.170000000000,   0.00000,
,,,-07.160000000000,   0.01600,
,,,-07.150000000000,   0.00800,
,,,-07.140000000000,   0.00800,
,,,-07.130000000000,  -0.01600,
,,,-07.120000000000,   0.01600,
,,,-07.110000000000,   0.00000,
,,,-07.100000000000,  -0.01600,
,,,-07.090000000000,   0.01600,
,,,-07.080000000000,   0.00800,
,,,-07.070000000000,   0.00000,
,,,-07.060000000000,   0.00800,
,,,-07.050000000000,   0.01600,
,,,-07.040000000000,  -0.00800,
,,,-07.030000000000,  -0.00800,
,,,-07.020000000000,   0.00800,
,,,-07.010000000000,   0.00800,
,,,-07.000000000000,   0.00800,
,,,-06.990000000000,   0.00800,
,,,-06.980000000000,  -0.40000,
,,,-06.970000000000,  -0.35200,
,,,-06.960000000000,  -0.32000,
,,,-06.950000000000,  -0.25600,
,,,-06.940000000000,  -0.24800,
,,,-06.930000000000,  -0.20800,
,,,-06.920000000000,  -0.17600,
,,,-06.910000000000,  -0.18400,
,,,-06.900000000000,  -0.14400,
,,,-06.890000000000,  -0.13600,
,,,-06.880000000000,  -0.12800,
,,,-06.870000000000,  -0.12000,
,,,-06.860000000000,  -0.08000,
,,,-06.850000000000,  -0.08800,
,,,-06.840000000000,  -0.08000,
,,,-06.830000000000,  -0.05600,
,,,-06.820000000000,  -0.05600,
,,,-06.810000000000,  -0.03200,
,,,-06.800000000000,  -0.04800,
,,,-06.790000000000,  -0.03200,
,,,-06.780000000000,  -0.03200,
,,,-06.770000000000,   0.00800,
,,,-06.760000000000,  -0.00800,
,,,-06.750000000000,  -0.02400,
,,,-06.740000000000,  -0.01600,
,,,-06.730000000000,  -0.00800,
,,,-06.720000000000,  -0.02400,
,,,-06.710000000000,  -0.01600,
,,,-06.700000000000,   0.00000,
,,,-06.690000000000,  -0.00800,
,,,-06.680000000000,   0.00800,
,,,-06.670000000000,  -0.01600,
,,,-06.660000000000,   0.00000,
,,,-06.650000000000,   0.01600,
,,,-06.640000000000,   0.00800,
,,,-06.630000000000,   0.01600,
,,,-06.620000000000,   0.00000,
,,,-06.610000000000,   0.00800,
,,,-06.600000000000,  -0.00800,
,,,-06.590000000000,   0.00800,
,,,-06.580000000000,   0.00000,
,,,-06.570000000000,   0.00000,
,,,-06.560000000000,   0.00000,
,,,-06.550000000000,  -0.01600,
,,,-06.540000000000,   0.00000,
,,,-06.530000000000,   0.02400,
,,,-06.520000000000,   0.01600,
,,,-06.510000000000,   0.01600,
,,,-06.500000000000,   0.01600,
,,,-06.490000000000,   0.02400,
,,,-06.480000000000,   0.00000,
,,,-06.470000000000,   0.00000,
,,,-06.460000000000,   0.01600,
,,,-06.450000000000,   0.00800,
,,,-06.440000000000,   0.03200,
,,,-06.430000000000,   0.00000,
,,,-06.420000000000,   0.00000,
,,,-06.410000000000,  -0.02400,
,,,-06.400000000000,   0.01600,
,,,-06.390000000000,   0.00800,
,,,-06.380000000000,   0.00800,
,,,-06.370000000000,   0.00000,
,,,-06.360000000000,   0.02400,
,,,-06.350000000000,   0.00800,
,,,-06.340000000000,   0.00000,
,,,-06.330000000000,   0.01600,
,,,-06.320000000000,   0.01600,
,,,-06.310000000000,   0.00000,
,,,-06.300000000000,   0.03200,
,,,-06.290000000000,  -0.01600,
,,,-06.280000000000,   0.02400,
,,,-06.270000000000,   0.00000,
,,,-06.260000000000,   0.00800,
,,,-06.250000000000,   0.01600,
,,,-06.240000000000,   0.00800,
,,,-06.230000000000,   0.02400,
,,,-06.220000000000,   0.00000,
,,,-06.210000000000,   0.00000,
,,,-06.200000000000,   0.00800,
,,,-06.190000000000,   0.00800,
,,,-06.180000000000,   0.02400,
,,,-06.170000000000,   0.00000,
,,,-06.160000000000,   0.01600,
,,,-06.150000000000,   0.03200,
,,,-06.140000000000,   0.01600,
,,,-06.130000000000,   0.01600,
,,,-06.120000000000,  -0.01600,
,,,-06.110000000000,  -0.01600,
,,,-06.100000000000,   0.02400,
,,,-06.090000000000,   0.00000,
,,,-06.080000000000,   0.00800,
,,,-06.070000000000,   0.00000,
,,,-06.060000000000,   0.01600,
,,,-06.050000000000,   0.00000,
,,,-06.040000000000,   0.01600,
,,,-06.030000000000,   0.00800,
,,,-06.020000000000,   0.00000,
,,,-06.010000000000,   0.00800,
,,,-06.000000000000,   0.01600,
,,,-05.990000000000,   0.00800,
,,,-05.980000000000,   0.40000,
,,,-05.970000000000,   0.38400,
,,,-05.960000000000,   0.31200,
,,,-05.950000000000,   0.28800,
,,,-05.940000000000,   0.24800,
,,,-05.930000000000,   0.22400,
,,,-05.920000000000,   0.20000,
,,,-05.910000000000,   0.16800,
,,,-05.900000000000,   0.16800,
,,,-05.890000000000,   0.14400,
,,,-05.880000000000,   0.11200,
,,,-05.870000000000,   0.09600,
,,,-05.860000000000,   0.09600,
,,,-05.850000000000,   0.07200,
,,,-05.840000000000,   0.06400,
,,,-05.830000000000,   0.05600,
,,,-05.820000000000,   0.05600,
,,,-05.810000000000,   0.07200,
,,,-05.800000000000,   0.06400,
,,,-05.790000000000,   0.04800,
,,,-05.780000000000,   0.04800,
,,,-05.770000000000,   0.03200,
,,,-05.760000000000,   0.03200,
,,,-05.750000000000,   0.04800,
,,,-05.740000000000,   0.04000,
,,,-05.730000000000,   0.03200,
,,,-05.720000000000,   0.03200,
,,,-05.710000000000,   0.02400,
,,,-05.700000000000,   0.00800,
,,,-05.690000000000,   0.01600,
,,,-05.680000000000,   0.02400,
,,,-05.670000000000,   0.03200,
,,,-05.660000000000,   0.01600,
,,,-05.650000000000,   0.02400,
,,,-05.640000000000,   0.02400,
,,,-05.630000000000,   0.03200,
,,,-05.620000000000,   0.00000,
,,,-05.610000000000,   0.00800,
,,,-05.600000000000,   0.00800,
,,,-05.590000000000,   0.01600,
,,,-05.580000000000,   0.00800,
,,,-05.570000000000,   0.00800,
,,,-05.560000000000,   0.00800,
,,,-05.550000000000,   0.00800,
,,,-05.540000000000,   0.02400,
,,,-05.530000000000,   0.00800,
,,,-05.520000000000,   0.00000,
,,,-05.510000000000,   0.00800,
,,,-05.500000000000,   0.00000,
,,,-05.490000000000,   0.03200,
,,,-05.480000000000,  -0.01600,
,,,-05.470000000000,   0.00800,
,,,-05.460000000000,  -0.00800,
,,,-05.450000000000,   0.00000,
,,,-05.440000000000,  -0.02400,
,,,-05.430000000000,   0.00800,
,,,-05.420000000000,   0.02400,
,,,-05.410000000000,   0.01600,
,,,-05.400000000000,   0.00000,
,,,-05.390000000000,   0.00800,
,,,-05.380000000000,  -0.00800,
,,,-05.370000000000,  -0.00800,
,,,-05.360000000000,   0.00000,
,,,-05.350000000000,   0.00800,
,,,-05.340000000000,   0.00800,
,,,-05.330000000000,  -0.00800,
,,,-05.320000000000,   0.00000,
,,,-05.310000000000,   0.00000,
,,,-05.300000000000,   0.00000,
,,,-05.290000000000,   0.00800,
,,,-05.280000000000,   0.00800,
,,,-05.270000000000,   0.02400,
,,,-05.260000000000,   0.01600,
,,,-05.250000000000,   0.00800,
,,,-05.240000000000,   0.00800,
,,,-05.230000000000,   0.00800,
,,,-05.220000000000,   0.01600,
,,,-05.210000000000,   0.00800,
,,,-05.200000000000,   0.00000,
,,,-05.190000000000,  -0.02400,
,,,-05.180000000000,   0.00000,
,,,-05.170000000000,   0.00800,
,,,-05.160000000000,   0.00800,
,,,-05.150000000000,  -0.00800,
,,,-05.140000000000,   0.00800,
,,,-05.130000000000,   0.00800,
,,,-05.120000000000,   0.01600,
,,,-05.110000000000,  -0.01600,
,,,-05.100000000000,   0.00800,
,,,-05.090000000000,   0.01600,
,,,-05.080000000000,   0.00800,
,,,-05.070000000000,   0.02400,
,,,-05.060000000000,   0.00800,
,,,-05.050000000000,   0.00000,
,,,-05.040000000000,   0.00000,
,,,-05.030000000000,   0.01600,
,,,-05.020000000000,   0.00000,
,,,-05.010000000000,   0.00000,
,,,-05.000000000000,  -0.00800,
,,,-04.990000000000,   0.01600,
,,,-04.980000000000,  -0.41600,
,,,-04.970000000000,  -0.34400,
,,,-04.960000000000,  -0.29600,
,,,-04.950000000000,  -0.27200,
,,,-04.940000000000,  -0.22400,
,,,-04.930000000000,  -0.20800,
,,,-04.920000000000,  -0.18400,
,,,-04.910000000000,  -0.18400,
,,,-04.900000000000,  -0.15200,
,,,-04.890000000000,  -0.13600,
,,,-04.880000000000,  -0.12000,
,,,-04.870000000000,  -0.12000,
,,,-04.860000000000,  -0.08000,
,,,-04.850000000000,  -0.07200,
,,,-04.840000000000,  -0.04800,
,,,-04.830000000000,  -0.05600,
,,,-04.820000000000,  -0.05600,
,,,-04.810000000000,  -0.05600,
,,,-04.800000000000,  -0.04000,
,,,-04.790000000000,  -0.04800,
,,,-04.780000000000,  -0.04000,
,,,-04.770000000000,  -0.00800,
,,,-04.760000000000,  -0.03200,
,,,-04.750000000000,  -0.03200,
,,,-04.740000000000,  -0.02400,
,,,-04.730000000000,  -0.01600,
,,,-04.720000000000,  -0.02400,
,,,-04.710000000000,  -0.04000,
,,,-04.700000000000,   0.00000,
,,,-04.690000000000,  -0.02400,
,,,-04.680000000000,  -0.00800,
,,,-04.670000000000,   0.00000,
,,,-04.660000000000,   0.00800,
,,,-04.650000000000,   0.00000,
,,,-04.640000000000,   0.00800,
,,,-04.630000000000,   0.01600,
,,,-04.620000000000,   0.00000,
,,,-04.610000000000,   0.00000,
,,,-04.600000000000,   0.02400,
,,,-04.590000000000,   0.00000,
,,,-04.580000000000,   0.00000,
,,,-04.570000000000,   0.00000,
,,,-04.560000000000,   0.00000,
,,,-04.550000000000,  -0.00800,
,,,-04.540000000000,   0.00000,
,,,-04.530000000000,   0.02400,
,,,-04.520000000000,   0.00000,
,,,-04.510000000000,   0.00800,
,,,-04.500000000000,  -0.00800,
,,,-04.490000000000,   0.00800,
,,,-04.480000000000,   0.00800,
,,,-04.470000000000,   0.00000,
,,,-04.460000000000,   0.00800,
,,,-04.450000000000,   0.01600,
,,,-04.440000000000,   0.00800,
,,,-04.430000000000,   0.01600,
,,,-04.420000000000,  -0.01600,
,,,-04.410000000000,   0.00800,
,,,-04.400000000000,   0.00000,
,,,-04.390000000000,  -0.00800,
,,,-04.380000000000,   0.00800,
,,,-04.370000000000,   0.00800,
,,,-04.360000000000,  -0.01600,
,,,-04.350000000000,   0.03200,
,,,-04.340000000000,  -0.01600,
,,,-04.330000000000,   0.02400,
,,,-04.320000000000,  -0.01600,
,,,-04.310000000000,   0.00800,
,,,-04.300000000000,   0.01600,
,,,-04.290000000000,  -0.00800,
,,,-04.280000000000,  -0.02400,
,,,-04.270000000000,   0.00000,
,,,-04.260000000000,   0.00000,
,,,-04.250000000000,  -0.01600,
,,,-04.240000000000,   0.00000,
,,,-04.230000000000,   0.00800,
,,,-04.220000000000,   0.01600,
,,,-04.210000000000,   0.00800,
,,,-04.200000000000,  -0.00800,
,,,-04.190000000000,  -0.00800,
,,,-04.180000000000,   0.02400,
,,,-04.170000000000,   0.00000,
,,,-04.160000000000,   0.00800,
,,,-04.150000000000,   0.01600,
,,,-04.140000000000,   0.01600,
,,,-04.130000000000,   0.01600,
,,,-04.120000000000,   0.00800,
,,,-04.110000000000,  -0.00800,
,,,-04.100000000000,   0.00000,
,,,-04.090000000000,   0.00000,
,,,-04.080000000000,   0.02400,
,,,-04.070000000000,   0.00800,
,,,-04.060000000000,   0.00000,
,,,-04.050000000000,   0.00800,
,,,-04.040000000000,   0.02400,
,,,-04.030000000000,   0.00800,
,,,-04.020000000000,   0.00000,
,,,-04.010000000000,   0.00800,
,,,-04.000000000000,   0.00000,
,,,-03.990000000000,   0.01600,
,,,-03.980000000000,   0.42400,
,,,-03.970000000000,   0.36000,
,,,-03.960000000000,   0.31200,
,,,-03.950000000000,   0.28800,
,,,-03.940000000000,   0.25600,
,,,-03.930000000000,   0.20800,
,,,-03.920000000000,   0.20000,
,,,-03.910000000000,   0.18400,
,,,-03.900000000000,   0.16000,
,,,-03.890000000000,   0.11200,
,,,-03.880000000000,   0.11200,
,,,-03.870000000000,   0.10400,
,,,-03.860000000000,   0.09600,
,,,-03.850000000000,   0.08800,
,,,-03.840000000000,   0.08000,
,,,-03.830000000000,   0.08000,
,,,-03.820000000000,   0.04800,
,,,-03.810000000000,   0.04800,
,,,-03.800000000000,   0.03200,
,,,-03.790000000000,   0.04800,
,,,-03.780000000000,   0.05600,
,,,-03.770000000000,   0.04000,
,,,-03.760000000000,   0.03200,
,,,-03.750000000000,   0.03200,
,,,-03.740000000000,   0.03200,
,,,-03.730000000000,   0.02400,
,,,-03.720000000000,   0.00800,
,,,-03.710000000000,   0.01600,
,,,-03.700000000000,   0.02400,
,,,-03.690000000000,   0.00800,
,,,-03.680000000000,   0.01600,
,,,-03.670000000000,   0.00800,
,,,-03.660000000000,   0.01600,
,,,-03.650000000000,   0.02400,
,,,-03.640000000000,   0.00000,
,,,-03.630000000000,   0.00000,
,,,-03.620000000000,   0.00000,
,,,-03.610000000000,   0.02400,
,,,-03.600000000000,   0.00000,
,,,-03.590000000000,   0.00800,
,,,-03.580000000000,  -0.01600,
,,,-03.570000000000,   0.00800,
,,,-03.560000000000,   0.00000,
,,,-03.550000000000,   0.00000,
,,,-03.540000000000,   0.00800,
,,,-03.530000000000,   0.00800,
,,,-03.520000000000,   0.01600,
,,,-03.510000000000,   0.02400,
,,,-03.500000000000,  -0.00800,
,,,-03.490000000000,   0.00800,
,,,-03.480000000000,  -0.00800,
,,,-03.470000000000,   0.00800,
,,,-03.460000000000,   0.00800,
,,,-03.450000000000,   0.00800,
,,,-03.440000000000,   0.00800,
,,,-03.430000000000,   0.00000,
,,,-03.420000000000,   0.01600,
,,,-03.410000000000,   0.00000,
,,,-03.400000000000,   0.00800,
,,,-03.390000000000,   0.02400,
,,,-03.380000000000,   0.00800,
,,,-03.370000000000,   0.01600,
,,,-03.360000000000,   0.00800,
,,,-03.350000000000,  -0.00800,
,,,-03.340000000000,   0.02400,
,,,-03.330000000000,   0.00000,
,,,-03.320000000000,   0.02400,
,,,-03.310000000000,   0.00000,
,,,-03.300000000000,  -0.02400,
,,,-03.290000000000,   0.02400,
,,,-03.280000000000,   0.00000,
,,,-03.270000000000,  -0.00800,
,,,-03.260000000000,   0.00800,
,,,-03.250000000000,   0.02400,
,,,-03.240000000000,   0.02400,
,,,-03.230000000000,  -0.01600,
,,,-03.220000000000,   0.02400,
,,,-03.210000000000,   0.00000,
,,,-03.200000000000,  -0.00800,
,,,-03.190000000000,   0.00000,
,,,-03.180000000000,   0.01600,
,,,-03.170000000000,  -0.00800,
,,,-03.160000000000,   0.02400,
,,,-03.150000000000,   0.00800,
,,,-03.140000000000,  -0.00800,
,,,-03.130000000000,   0.00800,
,,,-03.120000000000,   0.01600,
,,,-03.110000000000,   0.00000,
,,,-03.100000000000,   0.02400,
,,,-03.090000000000,   0.00800,
,,,-03.080000000000,   0.00800,
,,,-03.070000000000,   0.00800,
,,,-03.060000000000,   0.00000,
,,,-03.050000000000,   0.00800,
,,,-03.040000000000,   0.01600,
,,,-03.030000000000,   0.00000,
,,,-03.020000000000,   0.00800,
,,,-03.010000000000,   0.01600,
,,,-03.000000000000,   0.00000,
,,,-02.990000000000,   0.00000,
,,,-02.980000000000,  -0.41600,
,,,-02.970000000000,  -0.36000,
,,,-02.960000000000,  -0.29600,
,,,-02.950000000000,  -0.28800,
,,,-02.940000000000,  -0.23200,
,,,-02.930000000000,  -0.19200,
,,,-02.920000000000,  -0.17600,
,,,-02.910000000000,  -0.16000,
,,,-02.900000000000,  -0.16000,
,,,-02.890000000000,  -0.12000,
,,,-02.880000000000,  -0.11200,
,,,-02.870000000000,  -0.12000,
,,,-02.860000000000,  -0.11200,
,,,-02.850000000000,  -0.06400,
,,,-02.840000000000,  -0.07200,
,,,-02.830000000000,  -0.05600,
,,,-02.820000000000,  -0.04800,
,,,-02.810000000000,  -0.04800,
,,,-02.800000000000,  -0.02400,
,,,-02.790000000000,  -0.03200,
,,,-02.780000000000,  -0.04000,
,,,-02.770000000000,  -0.02400,
,,,-02.760000000000,  -0.04000,
,,,-02.750000000000,  -0.03200,
,,,-02.740000000000,  -0.00800,
,,,-02.730000000000,  -0.02400,
,,,-02.720000000000,  -0.01600,
,,,-02.710000000000,  -0.01600,
,,,-02.700000000000,   0.00800,
,,,-02.690000000000,  -0.01600,
,,,-02.680000000000,   0.00800,
,,,-02.670000000000,  -0.00800,
,,,-02.660000000000,   0.00000,
,,,-02.650000000000,   0.00800,
,,,-02.640000000000,  -0.01600,
,,,-02.630000000000,   0.00800,
,,,-02.620000000000,   0.01600,
,,,-02.610000000000,  -0.01600,
,,,-02.600000000000,   0.02400,
,,,-02.590000000000,   0.01600,
,,,-02.580000000000,  -0.01600,
,,,-02.570000000000,  -0.00800,
,,,-02.560000000000,   0.00800,
,,,-02.550000000000,  -0.02400,
,,,-02.540000000000,  -0.02400,
,,,-02.530000000000,   0.00000,
,,,-02.520000000000,  -0.00800,
,,,-02.510000000000,   0.02400,
,,,-02.500000000000,   0.00800,
,,,-02.490000000000,  -0.00800,
,,,-02.480000000000,   0.02400,
,,,-02.470000000000,   0.00000,
,,,-02.460000000000,   0.00000,
,,,-02.450000000000,   0.00000,
,,,-02.440000000000,   0.00000,
,,,-02.430000000000,   0.01600,
,,,-02.420000000000,   0.00800,
,,,-02.410000000000,   0.00800,
,,,-02.400000000000,   0.02400,
,,,-02.390000000000,   0.00800,
,,,-02.380000000000,   0.01600,
,,,-02.370000000000,   0.02400,
,,,-02.360000000000,   0.00000,
,,,-02.350000000000,   0.01600,
,,,-02.340000000000,   0.01600,
,,,-02.330000000000,  -0.02400,
,,,-02.320000000000,  -0.00800,
,,,-02.310000000000,   0.00800,
,,,-02.300000000000,  -0.01600,
,,,-02.290000000000,   0.00000,
,,,-02.280000000000,   0.00800,
,,,-02.270000000000,   0.01600,
,,,-02.260000000000,   0.00800,
,,,-02.250000000000,   0.00000,
,,,-02.240000000000,  -0.01600,
,,,-02.230000000000,  -0.00800,
,,,-02.220000000000,   0.01600,
,,,-02.210000000000,   0.00000,
,,,-02.200000000000,   0.00000,
,,,-02.190000000000,   0.00800,
,,,-02.180000000000,   0.00000,
,,,-02.170000000000,   0.01600,
,,,-02.160000000000,   0.00000,
,,,-02.150000000000,  -0.01600,
,,,-02.140000000000,   0.00800,
,,,-02.130000000000,   0.01600,
,,,-02.120000000000,   0.00800,
,,,-02.110000000000,   0.00800,
,,,-02.100000000000,  -0.01600,
,,,-02.090000000000,  -0.01600,
,,,-02.080000000000,   0.00000,
,,,-02.070000000000,   0.00000,
,,,-02.060000000000,   0.00000,
,,,-02.050000000000,  -0.01600,
,,,-02.040000000000,   0.00800,
,,,-02.030000000000,   0.01600,
,,,-02.020000000000,  -0.01600,
,,,-02.010000000000,   0.00000,
,,,-02.000000000000,   0.00800,
,,,-01.990000000000,   0.00000,
,,,-01.980000000000,   0.44000,
,,,-01.970000000000,   0.35200,
,,,-01.960000000000,   0.32000,
,,,-01.950000000000,   0.28800,
,,,-01.940000000000,   0.24800,
,,,-01.930000000000,   0.23200,
,,,-01.920000000000,   0.19200,
,,,-01.910000000000,   0.16800,
,,,-01.900000000000,   0.16800,
,,,-01.890000000000,   0.13600,
,,,-01.880000000000,   0.12800,
,,,-01.870000000000,   0.11200,
,,,-01.860000000000,   0.10400,
,,,-01.850000000000,   0.08000,
,,,-01.840000000000,   0.08000,
,,,-01.830000000000,   0.05600,
,,,-01.820000000000,   0.05600,
,,,-01.810000000000,   0.06400,
,,,-01.800000000000,   0.04800,
,,,-01.790000000000,   0.04000,
,,,-01.780000000000,   0.05600,
,,,-01.770000000000,   0.03200,
,,,-01.760000000000,   0.03200,
,,,-01.750000000000,   0.00800,
,,,-01.740000000000,   0.03200,
,,,-01.730000000000,   0.02400,
,,,-01.720000000000,   0.02400,
,,,-01.710000000000,   0.01600,
,,,-01.700000000000,   0.00800,
,,,-01.690000000000,   0.01600,
,,,-01.680000000000,   0.03200,
,,,-01.670000000000,   0.01600,
,,,-01.660000000000,   0.00800,
,,,-01.650000000000,   0.01600,
,,,-01.640000000000,   0.03200,
,,,-01.630000000000,   0.00800,
,,,-01.620000000000,   0.01600,
,,,-01.610000000000,   0.00800,
,,,-01.600000000000,   0.00800,
,,,-01.590000000000,   0.00800,
,,,-01.580000000000,   0.01600,
,,,-01.570000000000,   0.01600,
,,,-01.560000000000,   0.00000,
,,,-01.550000000000,  -0.00800,
,,,-01.540000000000,   0.01600,
,,,-01.530000000000,   0.00800,
,,,-01.520000000000,   0.00800,
,,,-01.510000000000,   0.00000,
,,,-01.500000000000,  -0.00800,
,,,-01.490000000000,   0.01600,
,,,-01.480000000000,   0.01600,
,,,-01.470000000000,   0.02400,
,,,-01.460000000000,   0.00800,
,,,-01.450000000000,   0.00800,
,,,-01.440000000000,   0.02400,
,,,-01.430000000000,   0.00000,
,,,-01.420000000000,   0.00800,
,,,-01.410000000000,  -0.00800,
,,,-01.400000000000,  -0.00800,
,,,-01.390000000000,   0.00000,
,,,-01.380000000000,  -0.00800,
,,,-01.370000000000,   0.00800,
,,,-01.360000000000,  -0.01600,
,,,-01.350000000000,   0.00000,
,,,-01.340000000000,   0.00000,
,,,-01.330000000000,   0.00000,
,,,-01.320000000000,   0.01600,
,,,-01.310000000000,   0.01600,
,,,-01.300000000000,  -0.01600,
,,,-01.290000000000,   0.00000,
,,,-01.280000000000,   0.00800,
,,,-01.270000000000,   0.01600,
,,,-01.260000000000,  -0.00800,
,,,-01.250000000000,  -0.01600,
,,,-01.240000000000,   0.01600,
,,,-01.230000000000,  -0.00800,
,,,-01.220000000000,   0.00000,
,,,-01.210000000000,   0.00000,
,,,-01.200000000000,   0.00800,
,,,-01.190000000000,  -0.01600,
,,,-01.180000000000,   0.01600,
,,,-01.170000000000,   0.00000,
,,,-01.160000000000,   0.00800,
,,,-01.150000000000,   0.00000,
,,,-01.140000000000,  -0.00800,
,,,-01.130000000000,   0.00000,
,,,-01.120000000000,   0.00800,
,,,-01.110000000000,   0.00000,
,,,-01.100000000000,   0.00800,
,,,-01.090000000000,  -0.00800,
,,,-01.080000000000,   0.02400,
,,,-01.070000000000,   0.00000,
,,,-01.060000000000,   0.00800,
,,,-01.050000000000,   0.00000,
,,,-01.040000000000,  -0.02400,
,,,-01.030000000000,   0.00800,
,,,-01.020000000000,   0.00000,
,,,-01.010000000000,  -0.00800,
,,,-01.000000000000,   0.00800,
,,,-00.990000000000,   0.00800,
,,,-00.980000000000,  -0.41600,
,,,-00.970000000000,  -0.35200,
,,,-00.960000000000,  -0.33600,
,,,-00.950000000000,  -0.28800,
,,,-00.940000000000,  -0.24000,
,,,-00.930000000000,  -0.22400,
,,,-00.920000000000,  -0.19200,
,,,-00.910000000000,  -0.16000,
,,,-00.900000000000,  -0.13600,
,,,-00.890000000000,  -0.11200,
,,,-00.880000000000,  -0.12800,
,,,-00.870000000000,  -0.09600,
,,,-00.860000000000,  -0.07200,
,,,-00.850000000000,  -0.07200,
,,,-00.840000000000,  -0.06400,
,,,-00.830000000000,  -0.04800,
,,,-00.820000000000,  -0.04000,
,,,-00.810000000000,  -0.05600,
,,,-00.800000000000,  -0.04000,
,,,-00.790000000000,  -0.03200,
,,,-00.780000000000,  -0.00800,
,,,-00.770000000000,  -0.02400,
,,,-00.760000000000,  -0.02400,
,,,-00.750000000000,   0.00000,
,,,-00.740000000000,  -0.00800,
,,,-00.730000000000,  -0.02400,
,,,-00.720000000000,   0.01600,
,,,-00.710000000000,   0.00000,
,,,-00.700000000000,   0.00000,
,,,-00.690000000000,  -0.01600,
,,,-00.680000000000,   0.00800,
,,,-00.670000000000,   0.00000,
,,,-00.660000000000,   0.00000,
,,,-00.650000000000,   0.00000,
,,,-00.640000000000,   0.00000,
,,,-00.630000000000,   0.00800,
,,,-00.620000000000,   0.01600,
,,,-00.610000000000,   0.00800,
,,,-00.600000000000,  -0.02400,
,,,-00.590000000000,   0.00800,
,,,-00.580000000000,   0.01600,
,,,-00.570000000000,   0.00000,
,,,-00.560000000000,   0.00000,
,,,-00.550000000000,   0.00000,
,,,-00.540000000000,  -0.00800,
,,,-00.530000000000,  -0.01600,
,,,-00.520000000000,   0.00000,
,,,-00.510000000000,   0.00800,
,,,-00.500000000000,   0.02400,
,,,-00.490000000000,   0.01600,
,,,-00.480000000000,   0.00000,
,,,-00.470000000000,   0.01600,
,,,-00.460000000000,   0.01600,
,,,-00.450000000000,   0.01600,
,,,-00.440000000000,  -0.00800,
,,,-00.430000000000,   0.00000,
,,,-00.420000000000,   0.00000,
,,,-00.410000000000,   0.00800,
,,,-00.400000000000,  -0.01600,
,,,-00.390000000000,   0.01600,
,,,-00.380000000000,  -0.00800,
,,,-00.370000000000,   0.00800,
,,,-00.360000000000,  -0.00800,
,,,-00.350000000000,   0.01600,
,,,-00.340000000000,   0.00800,
,,,-00.330000000000,   0.00800,
,,,-00.320000000000,   0.00800,
,,,-00.310000000000,   0.00800,
,,,-00.300000000000,  -0.00800,
,,,-00.290000000000,   0.03200,
,,,-00.280000000000,   0.00000,
,,,-00.270000000000,  -0.00800,
,,,-00.260000000000,   0.00800,
,,,-00.250000000000,  -0.00800,
,,,-00.240000000000,   0.01600,
,,,-00.230000000000,  -0.00800,
,,,-00.220000000000,  -0.02400,
,,,-00.210000000000,   0.01600,
,,,-00.200000000000,   0.00800,
,,,-00.190000000000,   0.00000,
,,,-00.180000000000,   0.02400,
,,,-00.170000000000,  -0.01600,
,,,-00.160000000000,   0.01600,
,,,-00.150000000000,  -0.01600,
,,,-00.140000000000,  -0.00800,
,,,-00.130000000000,   0.00800,
,,,-00.120000000000,   0.00800,
,,,-00.110000000000,   0.00800,
,,,-00.100000000000,   0.00800,
,,,-00.090000000000,  -0.01600,
,,,-00.080000000000,   0.01600,
,,,-00.070000000000,  -0.00800,
,,,-00.060000000000,   0.00000,
,,,-00.050000000000,   0.00000,
,,,-00.040000000000,   0.00000,
,,,-00.030000000000,   0.00800,
,,,-00.020000000000,  -0.02400,
,,,-00.010000000000,  -0.00800,
,,,-00.000000000000,   0.03200,
,,,00.010000000000,   0.00000,
,,,00.020000000000,   0.43200,
,,,00.030000000000,   0.37600,
,,,00.040000000000,   0.32000,
,,,00.050000000000,   0.28800,
,,,00.060000000000,   0.25600,
,,,00.070000000000,   0.20000,
,,,00.080000000000,   0.18400,
,,,00.090000000000,   0.17600,
,,,00.100000000000,   0.15200,
,,,00.110000000000,   0.11200,
,,,00.120000000000,   0.12800,
,,,00.130000000000,   0.12000,
,,,00.140000000000,   0.09600,
,,,00.150000000000,   0.08000,
,,,00.160000000000,   0.08800,
,,,00.170000000000,   0.08000,
,,,00.180000000000,   0.05600,
,,,00.190000000000,   0.05600,
,,,00.200000000000,   0.04000,
,,,00.210000000000,   0.03200,
,,,00.220000000000,   0.04000,
,,,00.230000000000,   0.03200,
,,,00.240000000000,   0.01600,
,,,00.250000000000,   0.02400,
,,,00.260000000000,   0.02400,
,,,00.270000000000,   0.03200,
,,,00.280000000000,   0.03200,
,,,00.290000000000,   0.04000,
,,,00.300000000000,  -0.00800,
,,,00.310000000000,   0.02400,
,,,00.320000000000,   0.01600,
,,,00.330000000000,   0.00000,
,,,00.340000000000,  -0.01600,
,,,00.350000000000,   0.00000,
,,,00.360000000000,   0.00000,
,,,00.370000000000,   0.01600,
,,,00.380000000000,   0.00800,
,,,00.390000000000,   0.00800,
,,,00.400000000000,   0.00800,
,,,00.410000000000,  -0.00800,
,,,00.420000000000,   0.00000,
,,,00.430000000000,   0.00000,
,,,00.440000000000,   0.00000,
,,,00.450000000000,   0.01600,
,,,00.460000000000,   0.00800,
,,,00.470000000000,   0.00800,
,,,00.480000000000,   0.00800,
,,,00.490000000000,   0.00000,
,,,00.500000000000,   0.00800,
,,,00.510000000000,  -0.01600,
,,,00.520000000000,  -0.00800,
,,,00.530000000000,   0.00000,
,,,00.540000000000,   0.00800,
,,,00.550000000000,   0.00000,
,,,00.560000000000,   0.03200,
,,,00.570000000000,  -0.01600,
,,,00.580000000000,   0.00800,
,,,00.590000000000,   0.00800,
,,,00.600000000000,   0.02400,
,,,00.610000000000,   0.01600,
,,,00.620000000000,   0.00800,
,,,00.630000000000,   0.02400,
,,,00.640000000000,   0.00800,
,,,00.650000000000,   0.02400,
,,,00.660000000000,   0.01600,
,,,00.670000000000,  -0.01600,
,,,00.680000000000,  -0.00800,
,,,00.690000000000,  -0.00800,
,,,00.700000000000,   0.00000,
,,,00.710000000000,   0.00800,
,,,00.720000000000,   0.00000,
,,,00.730000000000,   0.00800,
,,,00.740000000000,   0.00800,
,,,00.750000000000,   0.00800,
,,,00.760000000000,   0.00000,
,,,00.770000000000,   0.00000,
,,,00.780000000000,   0.01600,
,,,00.790000000000,   0.00000,
,,,00.800000000000,   0.01600,
,,,00.810000000000,   0.00800,
,,,00.820000000000,   0.02400,
,,,00.830000000000,   0.00800,
,,,00.840000000000,   0.01600,
,,,00.850000000000,   0.00800,
,,,00.860000000000,   0.00000,
,,,00.870000000000,   0.00800,
,,,00.880000000000,   0.00800,
,,,00.890000000000,   0.01600,
,,,00.900000000000,   0.01600,
,,,00.910000000000,  -0.00800,
,,,00.920000000000,  -0.01600,
,,,00.930000000000,   0.00000,
,,,00.940000000000,   0.00000,
,,,00.950000000000,  -0.00800,
,,,00.960000000000,   0.00800,
,,,00.970000000000,   0.00000,
,,,00.980000000000,  -0.00800,
,,,00.990000000000,   0.00000,
,,,01.000000000000,  -0.01600,
,,,01.010000000000,   0.00800,
,,,01.020000000000,  -0.40000,
,,,01.030000000000,  -0.34400,
,,,01.040000000000,  -0.32000,
,,,01.050000000000,  -0.27200,
,,,01.060000000000,  -0.25600,
,,,01.070000000000,  -0.20800,
,,,01.080000000000,  -0.18400,
,,,01.090000000000,  -0.18400,
,,,01.100000000000,  -0.13600,
,,,01.110000000000,  -0.12000,
,,,01.120000000000,  -0.09600,
,,,01.130000000000,  -0.11200,
,,,01.140000000000,  -0.08800,
,,,01.150000000000,  -0.08000,
,,,01.160000000000,  -0.04800,
,,,01.170000000000,  -0.06400,
,,,01.180000000000,  -0.03200,
,,,01.190000000000,  -0.02400,
,,,01.200000000000,  -0.03200,
,,,01.210000000000,  -0.03200,
,,,01.220000000000,  -0.04000,
,,,01.230000000000,  -0.03200,
,,,01.240000000000,  -0.01600,
,,,01.250000000000,  -0.02400,
,,,01.260000000000,  -0.02400,
,,,01.270000000000,  -0.01600,
,,,01.280000000000,  -0.02400,
,,,01.290000000000,  -0.04000,
,,,01.300000000000,  -0.01600,
,,,01.310000000000,   0.00800,
,,,01.320000000000,   0.00800,
,,,01.330000000000,   0.00000,
,,,01.340000000000,   0.01600,
,,,01.350000000000,   0.00000,
,,,01.360000000000,   0.01600,
,,,01.370000000000,  -0.01600,
,,,01.380000000000,   0.00000,
,,,01.390000000000,   0.00000,
,,,01.400000000000,   0.00000,
,,,01.410000000000,  -0.00800,
,,,01.420000000000,   0.00000,
,,,01.430000000000,  -0.00800,
,,,01.440000000000,  -0.00800,
,,,01.450000000000,   0.00800,
,,,01.460000000000,   0.00000,
,,,01.470000000000,  -0.01600,
,,,01.480000000000,  -0.00800,
,,,01.490000000000,   0.00800,
,,,01.500000000000,   0.00000,
,,,01.510000000000,   0.00000,
,,,01.520000000000,   0.01600,
,,,01.530000000000,   0.01600,
,,,01.540000000000,  -0.00800,
,,,01.550000000000,   0.00000,
,,,01.560000000000,  -0.00800,
,,,01.570000000000,   0.00000,
,,,01.580000000000,  -0.01600,
,,,01.590000000000,   0.00800,
,,,01.600000000000,   0.01600,
,,,01.610000000000,  -0.00800,
,,,01.620000000000,   0.00000,
,,,01.630000000000,   0.00800,
,,,01.640000000000,   0.01600,
,,,01.650000000000,  -0.00800,
,,,01.660000000000,   0.01600,
,,,01.670000000000,   0.02400,
,,,01.680000000000,   0.00800,
,,,01.690000000000,  -0.00800,
,,,01.700000000000,   0.00800,
,,,01.710000000000,   0.00000,
,,,01.720000000000,  -0.00800,
,,,01.730000000000,   0.00000,
,,,01.740000000000,   0.00000,
,,,01.750000000000,   0.00800,
,,,01.760000000000,  -0.00800,
,,,01.770000000000,  -0.00800,
,,,01.780000000000,   0.00800,
,,,01.790000000000,  -0.00800,
,,,01.800000000000,   0.00000,
,,,01.810000000000,  -0.00800,
,,,01.820000000000,  -0.00800,
,,,01.830000000000,  -0.00800,
,,,01.840000000000,   0.00000,
,,,01.850000000000,   0.01600,
,,,01.860000000000,  -0.01600,
,,,01.870000000000,   0.01600,
,,,01.880000000000,   0.01600,
,,,01.890000000000,   0.01600,
,,,01.900000000000,   0.00800,
,,,01.910000000000,  -0.01600,
,,,01.920000000000,  -0.00800,
,,,01.930000000000,   0.00000,
,,,01.940000000000,   0.00800,
,,,01.950000000000,   0.01600,
,,,01.960000000000,   0.00800,
,,,01.970000000000,   0.00000,
,,,01.980000000000,   0.00000,
,,,01.990000000000,   0.00800,
,,,02.000000000000,   0.01600,
,,,02.010000000000,   0.02400,
,,,02.020000000000,   0.40800,
,,,02.030000000000,   0.36800,
,,,02.040000000000,   0.32800,
,,,02.050000000000,   0.27200,
,,,02.060000000000,   0.25600,
,,,02.070000000000,   0.21600,
,,,02.080000000000,   0.18400,
,,,02.090000000000,   0.16000,
,,,02.100000000000,   0.14400,
,,,02.110000000000,   0.12800,
,,,02.120000000000,   0.12000,
,,,02.130000000000,   0.09600,
,,,02.140000000000,   0.08800,
,,,02.150000000000,   0.08000,
,,,02.160000000000,   0.08000,
,,,02.170000000000,   0.07200,
,,,02.180000000000,   0.06400,
,,,02.190000000000,   0.05600,
,,,02.200000000000,   0.05600,
,,,02.210000000000,   0.04800,
,,,02.220000000000,   0.02400,
,,,02.230000000000,   0.03200,
,,,02.240000000000,   0.02400,
,,,02.250000000000,   0.02400,
,,,02.260000000000,   0.02400,
,,,02.270000000000,   0.02400,
,,,02.280000000000,   0.01600,
,,,02.290000000000,   0.01600,
,,,02.300000000000,   0.02400,
,,,02.310000000000,   0.00000,
,,,02.320000000000,   0.01600,
,,,02.330000000000,   0.02400,
,,,02.340000000000,  -0.00800,
,,,02.350000000000,   0.01600,
,,,02.360000000000,   0.00800,
,,,02.370000000000,   0.01600,
,,,02.380000000000,   0.00800,
,,,02.390000000000,   0.01600,
,,,02.400000000000,   0.00800,
,,,02.410000000000,   0.00000,
,,,02.420000000000,   0.00000,
,,,02.430000000000,   0.00000,
,,,02.440000000000,   0.00000,
,,,02.450000000000,   0.00000,
,,,02.460000000000,   0.00800,
,,,02.470000000000,   0.00000,
,,,02.480000000000,   0.01600,
,,,02.490000000000,   0.00800,
,,,02.500000000000,   0.00800,
,,,02.510000000000,   0.00000,
,,,02.520000000000,   0.00800,
,,,02.530000000000,   0.00000,
,,,02.540000000000,  -0.01600,
,,,02.550000000000,   0.01600,
,,,02.560000000000,   0.00800,
,,,02.570000000000,   0.01600,
,,,02.580000000000,   0.00000,
,,,02.590000000000,  -0.00800,
,,,02.600000000000,   0.00000,
,,,02.610000000000,   0.01600,
,,,02.620000000000,   0.01600,
,,,02.630000000000,   0.00000,
,,,02.640000000000,  -0.00800,
,,,02.650000000000,   0.00000,
,,,02.660000000000,   0.00000,
,,,02.670000000000,   0.00800,
,,,02.680000000000,  -0.00800,
,,,02.690000000000,   0.01600,
,,,02.700000000000,   0.01600,
,,,02.710000000000,  -0.00800,
,,,02.720000000000,   0.01600,
,,,02.730000000000,   0.00000,
,,,02.740000000000,   0.00800,
,,,02.750000000000,   0.00000,
,,,02.760000000000,   0.01600,
,,,02.770000000000,   0.00800,
,,,02.780000000000,   0.00000,
,,,02.790000000000,   0.01600,
,,,02.800000000000,  -0.00800,
,,,02.810000000000,   0.00000,
,,,02.820000000000,   0.01600,
,,,02.830000000000,   0.01600,
,,,02.840000000000,   0.00000,
,,,02.850000000000,   0.03200,
,,,02.860000000000,   0.00800,
,,,02.870000000000,   0.01600,
,,,02.880000000000,   0.00000,
,,,02.890000000000,   0.00800,
,,,02.900000000000,   0.00000,
,,,02.910000000000,   0.00000,
,,,02.920000000000,   0.00800,
,,,02.930000000000,   0.00000,
,,,02.940000000000,   0.00000,
,,,02.950000000000,   0.00000,
,,,02.960000000000,  -0.00800,
,,,02.970000000000,   0.00800,
,,,02.980000000000,   0.00800,
,,,02.990000000000,   0.00800,
,,,03.000000000000,  -0.01600,
,,,03.010000000000,   0.00800,
,,,03.020000000000,  -0.42400,
,,,03.030000000000,  -0.36800,
,,,03.040000000000,  -0.32800,
,,,03.050000000000,  -0.26400,
,,,03.060000000000,  -0.24000,
,,,03.070000000000,  -0.20800,
,,,03.080000000000,  -0.17600,
,,,03.090000000000,  -0.16800,
,,,03.100000000000,  -0.13600,
,,,03.110000000000,  -0.13600,
,,,03.120000000000,  -0.11200,
,,,03.130000000000,  -0.09600,
,,,03.140000000000,  -0.09600,
,,,03.150000000000,  -0.06400,
,,,03.160000000000,  -0.06400,
,,,03.170000000000,  -0.06400,
,,,03.180000000000,  -0.06400,
,,,03.190000000000,  -0.05600,
,,,03.200000000000,  -0.04000,
,,,03.210000000000,  -0.05600,
,,,03.220000000000,  -0.03200,
,,,03.230000000000,  -0.03200,
,,,03.240000000000,  -0.03200,
,,,03.250000000000,  -0.02400,
,,,03.260000000000,  -0.03200,
,,,03.270000000000,  -0.03200,
,,,03.280000000000,  -0.01600,
,,,03.290000000000,   0.00000,
,,,03.300000000000,  -0.00800,
,,,03.310000000000,  -0.00800,
,,,03.320000000000,   0.00000,
,,,03.330000000000,  -0.00800,
,,,03.340000000000,   0.01600,
,,,03.350000000000,   0.00800,
,,,03.360000000000,  -0.00800,
,,,03.370000000000,   0.00000,
,,,03.380000000000,  -0.01600,
,,,03.390000000000,   0.03200,
,,,03.400000000000,   0.00000,
,,,03.410000000000,  -0.00800,
,,,03.420000000000,  -0.04000,
,,,03.430000000000,   0.00000,
,,,03.440000000000,  -0.00800,
,,,03.450000000000,   0.02400,
,,,03.460000000000,   0.02400,
,,,03.470000000000,   0.00800,
,,,03.480000000000,   0.00000,
,,,03.490000000000,  -0.03200,
,,,03.500000000000,   0.01600,
,,,03.510000000000,   0.00800,
,,,03.520000000000,   0.00000,
,,,03.530000000000,  -0.01600,
,,,03.540000000000,   0.01600,
,,,03.550000000000,  -0.01600,
,,,03.560000000000,   0.00800,
,,,03.570000000000,   0.00800,
,,,03.580000000000,   0.01600,
,,,03.590000000000,   0.00800,
,,,03.600000000000,   0.00800,
,,,03.610000000000,   0.00800,
,,,03.620000000000,   0.00800,
,,,03.630000000000,   0.00000,
,,,03.640000000000,   0.00000,
,,,03.650000000000,   0.00800,
,,,03.660000000000,   0.00800,
,,,03.670000000000,   0.01600,
,,,03.680000000000,   0.02400,
,,,03.690000000000,   0.01600,
,,,03.700000000000,   0.00000,
,,,03.710000000000,   0.01600,
,,,03.720000000000,  -0.02400,
,,,03.730000000000,   0.00800,
,,,03.740000000000,   0.00800,
,,,03.750000000000,  -0.00800,
,,,03.760000000000,   0.00000,
,,,03.770000000000,   0.00800,
,,,03.780000000000,   0.01600,
,,,03.790000000000,   0.00800,
,,,03.800000000000,   0.00800,
,,,03.810000000000,   0.01600,
,,,03.820000000000,   0.01600,
,,,03.830000000000,   0.01600,
,,,03.840000000000,  -0.00800,
,,,03.850000000000,   0.00800,
,,,03.860000000000,   0.02400,
,,,03.870000000000,   0.01600,
,,,03.880000000000,  -0.00800,
,,,03.890000000000,   0.00800,
,,,03.900000000000,   0.00800,
,,,03.910000000000,   0.00000,
,,,03.920000000000,  -0.02400,
,,,03.930000000000,  -0.01600,
,,,03.940000000000,   0.00000,
,,,03.950000000000,   0.00000,
,,,03.960000000000,   0.00800,
,,,03.970000000000,   0.03200,
,,,03.980000000000,   0.00800,
,,,03.990000000000,   0.03200,
,,,04.000000000000,   0.00800,
,,,04.010000000000,   0.01600,
,,,04.020000000000,   0.42400,
,,,04.030000000000,   0.36800,
,,,04.040000000000,   0.32000,
,,,04.050000000000,   0.28800,
,,,04.060000000000,   0.22400,
,,,04.070000000000,   0.21600,
,,,04.080000000000,   0.18400,
,,,04.090000000000,   0.16800,
,,,04.100000000000,   0.16800,
,,,04.110000000000,   0.13600,
,,,04.120000000000,   0.13600,
,,,04.130000000000,   0.11200,
,,,04.140000000000,   0.12000,
,,,04.150000000000,   0.09600,
,,,04.160000000000,   0.08000,
,,,04.170000000000,   0.06400,
,,,04.180000000000,   0.05600,
,,,04.190000000000,   0.07200,
,,,04.200000000000,   0.04000,
,,,04.210000000000,   0.04000,
,,,04.220000000000,   0.03200,
,,,04.230000000000,   0.03200,
,,,04.240000000000,   0.00800,
,,,04.250000000000,   0.00000,
,,,04.260000000000,   0.02400,
,,,04.270000000000,   0.02400,
,,,04.280000000000,   0.01600,
,,,04.290000000000,   0.03200,
,,,04.300000000000,   0.02400,
,,,04.310000000000,   0.01600,
,,,04.320000000000,   0.01600,
,,,04.330000000000,   0.03200,
,,,04.340000000000,   0.00000,
,,,04.350000000000,   0.01600,
,,,04.360000000000,   0.03200,
,,,04.370000000000,   0.02400,
,,,04.380000000000,   0.00800,
,,,04.390000000000,   0.00000,
,,,04.400000000000,   0.00800,
,,,04.410000000000,   0.00800,
,,,04.420000000000,   0.00800,
,,,04.430000000000,   0.01600,
,,,04.440000000000,   0.00000,
,,,04.450000000000,   0.00000,
,,,04.460000000000,   0.01600,
,,,04.470000000000,   0.00000,
,,,04.480000000000,   0.02400,
,,,04.490000000000,   0.01600,
,,,04.500000000000,   0.01600,
,,,04.510000000000,   0.01600,
,,,04.520000000000,   0.00800,
,,,04.530000000000,   0.00000,
,,,04.540000000000,   0.00000,
,,,04.550000000000,  -0.01600,
,,,04.560000000000,   0.00000,
,,,04.570000000000,   0.00800,
,,,04.580000000000,   0.00000,
,,,04.590000000000,   0.01600,
,,,04.600000000000,   0.00000,
,,,04.610000000000,   0.01600,
,,,04.620000000000,   0.02400,
,,,04.630000000000,   0.00000,
,,,04.640000000000,   0.01600,
,,,04.650000000000,   0.01600,
,,,04.660000000000,   0.02400,
,,,04.670000000000,   0.01600,
,,,04.680000000000,   0.01600,
,,,04.690000000000,   0.00000,
,,,04.700000000000,   0.00000,
,,,04.710000000000,  -0.00800,
,,,04.720000000000,   0.00800,
,,,04.730000000000,   0.00000,
,,,04.740000000000,  -0.00800,
,,,04.750000000000,   0.01600,
,,,04.760000000000,   0.01600,
,,,04.770000000000,   0.00800,
,,,04.780000000000,   0.00800,
,,,04.790000000000,   0.00000,
,,,04.800000000000,  -0.01600,
,,,04.810000000000,   0.00800,
,,,04.820000000000,   0.01600,
,,,04.830000000000,   0.01600,
,,,04.840000000000,   0.00000,
,,,04.850000000000,   0.01600,
,,,04.860000000000,   0.00800,
,,,04.870000000000,   0.00800,
,,,04.880000000000,   0.01600,
,,,04.890000000000,   0.00800,
,,,04.900000000000,   0.00000,
,,,04.910000000000,   0.00000,
,,,04.920000000000,  -0.00800,
,,,04.930000000000,   0.00800,
,,,04.940000000000,   0.00800,
,,,04.950000000000,   0.00000,
,,,04.960000000000,   0.00000,
,,,04.970000000000,  -0.00800,
,,,04.980000000000,   0.00000,
,,,04.990000000000,   0.00000,
,,,05.000000000000,   0.00000,
,,,05.010000000000,   0.01600,
,,,05.020000000000,  -0.44000,
,,,05.030000000000,  -0.36000,
,,,05.040000000000,  -0.32000,
,,,05.050000000000,  -0.26400,
,,,05.060000000000,  -0.25600,
,,,05.070000000000,  -0.22400,
,,,05.080000000000,  -0.18400,
,,,05.090000000000,  -0.16800,
,,,05.100000000000,  -0.16000,
,,,05.110000000000,  -0.12800,
,,,05.120000000000,  -0.09600,
,,,05.130000000000,  -0.08000,
,,,05.140000000000,  -0.07200,
,,,05.150000000000,  -0.08000,
,,,05.160000000000,  -0.08000,
,,,05.170000000000,  -0.05600,
,,,05.180000000000,  -0.04800,
,,,05.190000000000,  -0.03200,
,,,05.200000000000,  -0.04800,
,,,05.210000000000,  -0.02400,
,,,05.220000000000,  -0.03200,
,,,05.230000000000,  -0.04000,
,,,05.240000000000,  -0.01600,
,,,05.250000000000,  -0.04000,
,,,05.260000000000,  -0.01600,
,,,05.270000000000,  -0.00800,
,,,05.280000000000,  -0.01600,
,,,05.290000000000,   0.00000,
,,,05.300000000000,   0.00800,
,,,05.310000000000,  -0.01600,
,,,05.320000000000,  -0.02400,
,,,05.330000000000,   0.01600,
,,,05.340000000000,   0.00800,
,,,05.350000000000,  -0.01600,
,,,05.360000000000,   0.00800,
,,,05.370000000000,   0.01600,
,,,05.380000000000,   0.00800,
,,,05.390000000000,   0.00800,
,,,05.400000000000,   0.00000,
,,,05.410000000000,  -0.01600,
,,,05.420000000000,   0.00000,
,,,05.430000000000,   0.00000,
,,,05.440000000000,   0.00800,
,,,05.450000000000,   0.00800,
,,,05.460000000000,  -0.00800,
,,,05.470000000000,  -0.00800,
,,,05.480000000000,   0.00800,
,,,05.490000000000,  -0.00800,
,,,05.500000000000,   0.00800,
,,,05.510000000000,   0.02400,
,,,05.520000000000,  -0.00800,
,,,05.530000000000,   0.00800,
,,,05.540000000000,   0.00000,
,,,05.550000000000,   0.00000,
,,,05.560000000000,  -0.00800,
,,,05.570000000000,   0.01600,
,,,05.580000000000,   0.00000,
,,,05.590000000000,   0.00800,
,,,05.600000000000,   0.00000,
,,,05.610000000000,  -0.01600,
,,,05.620000000000,  -0.00800,
,,,05.630000000000,   0.01600,
,,,05.640000000000,   0.00000,
,,,05.650000000000,   0.01600,
,,,05.660000000000,   0.00800,
,,,05.670000000000,   0.00800,
,,,05.680000000000,  -0.01600,
,,,05.690000000000,  -0.00800,
,,,05.700000000000,  -0.00800,
,,,05.710000000000,  -0.02400,
,,,05.720000000000,   0.00000,
,,,05.730000000000,   0.00000,
,,,05.740000000000,   0.01600,
,,,05.750000000000,  -0.01600,
,,,05.760000000000,   0.00800,
,,,05.770000000000,   0.00000,
,,,05.780000000000,   0.01600,
,,,05.790000000000,   0.01600,
,,,05.800000000000,   0.01600,
,,,05.810000000000,   0.00000,
,,,05.820000000000,   0.00000,
,,,05.830000000000,  -0.02400,
,,,05.840000000000,   0.00800,
,,,05.850000000000,  -0.01600,
,,,05.860000000000,  -0.01600,
,,,05.870000000000,   0.02400,
,,,05.880000000000,   0.03200,
,,,05.890000000000,   0.00800,
,,,05.900000000000,   0.00800,
,,,05.910000000000,   0.02400,
,,,05.920000000000,   0.00000,
,,,05.930000000000,   0.01600,
,,,05.940000000000,  -0.02400,
,,,05.950000000000,   0.00800,
,,,05.960000000000,   0.00800,
,,,05.970000000000,  -0.00800,
,,,05.980000000000,   0.00800,
,,,05.990000000000,   0.00800,
,,,06.000000000000,   0.01600,
,,,06.010000000000,   0.00000,
,,,06.020000000000,   0.44000,
,,,06.030000000000,   0.37600,
,,,06.040000000000,   0.32800,
,,,06.050000000000,   0.28000,
,,,06.060000000000,   0.27200,
,,,06.070000000000,   0.22400,
,,,06.080000000000,   0.19200,
,,,06.090000000000,   0.18400,
,,,06.100000000000,   0.16000,
,,,06.110000000000,   0.15200,
,,,06.120000000000,   0.12800,
,,,06.130000000000,   0.10400,
,,,06.140000000000,   0.09600,
,,,06.150000000000,   0.08000,
,,,06.160000000000,   0.08000,
,,,06.170000000000,   0.06400,
,,,06.180000000000,   0.04000,
,,,06.190000000000,   0.04800,
,,,06.200000000000,   0.04000,
,,,06.210000000000,   0.04800,
,,,06.220000000000,   0.03200,
,,,06.230000000000,   0.05600,
,,,06.240000000000,   0.03200,
,,,06.250000000000,   0.01600,
,,,06.260000000000,   0.00800,
,,,06.270000000000,   0.04000,
,,,06.280000000000,   0.02400,
,,,06.290000000000,   0.00800,
,,,06.300000000000,   0.02400,
,,,06.310000000000,   0.00800,
,,,06.320000000000,   0.01600,
,,,06.330000000000,   0.02400,
,,,06.340000000000,   0.00800,
,,,06.350000000000,   0.02400,
,,,06.360000000000,   0.00000,
,,,06.370000000000,   0.02400,
,,,06.380000000000,   0.00800,
,,,06.390000000000,   0.01600,
,,,06.400000000000,   0.00800,
,,,06.410000000000,   0.01600,
,,,06.420000000000,   0.00800,
,,,06.430000000000,   0.00000,
,,,06.440000000000,   0.02400,
,,,06.450000000000,   0.00000,
,,,06.460000000000,   0.01600,
,,,06.470000000000,   0.02400,
,,,06.480000000000,   0.00800,
,,,06.490000000000,   0.00800,
,,,06.500000000000,   0.00800,
,,,06.510000000000,   0.02400,
,,,06.520000000000,   0.00800,
,,,06.530000000000,   0.02400,
,,,06.540000000000,   0.00000,
,,,06.550000000000,   0.00000,
,,,06.560000000000,   0.00000,
,,,06.570000000000,   0.00000,
,,,06.580000000000,  -0.00800,
,,,06.590000000000,   0.02400,
,,,06.600000000000,  -0.00800,
,,,06.610000000000,   0.03200,
,,,06.620000000000,  -0.01600,
,,,06.630000000000,  -0.00800,
,,,06.640000000000,   0.00000,
,,,06.650000000000,   0.00800,
,,,06.660000000000,   0.00000,
,,,06.670000000000,  -0.00800,
,,,06.680000000000,   0.00000,
,,,06.690000000000,   0.00000,
,,,06.700000000000,   0.03200,
,,,06.710000000000,   0.01600,
,,,06.720000000000,   0.01600,
,,,06.730000000000,  -0.00800,
,,,06.740000000000,   0.00000,
,,,06.750000000000,   0.00000,
,,,06.760000000000,   0.00800,
,,,06.770000000000,   0.00800,
,,,06.780000000000,  -0.01600,
,,,06.790000000000,   0.01600,
,,,06.800000000000,   0.00000,
,,,06.810000000000,   0.01600,
,,,06.820000000000,   0.01600,
,,,06.830000000000,   0.01600,
,,,06.840000000000,   0.00800,
,,,06.850000000000,  -0.01600,
,,,06.860000000000,   0.00000,
,,,06.870000000000,   0.00800,
,,,06.880000000000,   0.01600,
,,,06.890000000000,   0.00000,
,,,06.900000000000,  -0.01600,
,,,06.910000000000,   0.00000,
,,,06.920000000000,  -0.00800,
,,,06.930000000000,  -0.01600,
,,,06.940000000000,   0.01600,
,,,06.950000000000,   0.00000,
,,,06.960000000000,   0.01600,
,,,06.970000000000,   0.00000,
,,,06.980000000000,   0.01600,
,,,06.990000000000,   0.01600,
,,,07.000000000000,   0.00000,
,,,07.010000000000,   0.01600,
,,,07.020000000000,  -0.40000,
,,,07.030000000000,  -0.35200,
,,,07.040000000000,  -0.31200,
,,,07.050000000000,  -0.31200,
,,,07.060000000000,  -0.23200,
,,,07.070000000000,  -0.20800,
,,,07.080000000000,  -0.18400,
,,,07.090000000000,  -0.16800,
,,,07.100000000000,  -0.13600,
,,,07.110000000000,  -0.12000,
,,,07.120000000000,  -0.11200,
,,,07.130000000000,  -0.10400,
,,,07.140000000000,  -0.08800,
,,,07.150000000000,  -0.09600,
,,,07.160000000000,  -0.04000,
,,,07.170000000000,  -0.05600,
,,,07.180000000000,  -0.07200,
,,,07.190000000000,  -0.04800,
,,,07.200000000000,  -0.03200,
,,,07.210000000000,  -0.03200,
,,,07.220000000000,  -0.02400,
,,,07.230000000000,  -0.01600,
,,,07.240000000000,  -0.02400,
,,,07.250000000000,   0.00000,
,,,07.260000000000,  -0.03200,
,,,07.270000000000,  -0.00800,
,,,07.280000000000,  -0.02400,
,,,07.290000000000,  -0.02400,
,,,07.300000000000,  -0.02400,
,,,07.310000000000,  -0.02400,
,,,07.320000000000,   0.00800,
,,,07.330000000000,  -0.03200,
,,,07.340000000000,   0.00000,
,,,07.350000000000,   0.00000,
,,,07.360000000000,  -0.00800,
,,,07.370000000000,  -0.02400,
,,,07.380000000000,   0.00800,
,,,07.390000000000,   0.00000,
,,,07.400000000000,   0.00000,
,,,07.410000000000,   0.01600,
,,,07.420000000000,   0.00800,
,,,07.430000000000,   0.00000,
,,,07.440000000000,   0.00800,
,,,07.450000000000,   0.00000,
,,,07.460000000000,   0.02400,
,,,07.470000000000,   0.00800,
,,,07.480000000000,   0.00000,
,,,07.490000000000,   0.00000,
,,,07.500000000000,  -0.00800,
,,,07.510000000000,   0.00800,
,,,07.520000000000,   0.02400,
,,,07.530000000000,   0.00800,
,,,07.540000000000,   0.00000,
,,,07.550000000000,  -0.00800,
,,,07.560000000000,   0.01600,
,,,07.570000000000,  -0.00800,
,,,07.580000000000,   0.00000,
,,,07.590000000000,  -0.01600,
,,,07.600000000000,   0.01600,
,,,07.610000000000,   0.01600,
,,,07.620000000000,  -0.01600,
,,,07.630000000000,  -0.00800,
,,,07.640000000000,   0.00000,
,,,07.650000000000,   0.00800,
,,,07.660000000000,   0.02400,
,,,07.670000000000,   0.01600,
,,,07.680000000000,   0.00800,
,,,07.690000000000,   0.01600,
,,,07.700000000000,   0.01600,
,,,07.710000000000,   0.01600,
,,,07.720000000000,   0.02400,
,,,07.730000000000,   0.00000,
,,,07.740000000000,   0.00800,
,,,07.750000000000,   0.00000,
,,,07.760000000000,   0.00800,
,,,07.770000000000,   0.01600,
,,,07.780000000000,   0.01600,
,,,07.790000000000,   0.00000,
,,,07.800000000000,   0.00000,
,,,07.810000000000,   0.00800,
,,,07.820000000000,  -0.01600,
,,,07.830000000000,  -0.01600,
,,,07.840000000000,  -0.01600,
,,,07.850000000000,   0.01600,
,,,07.860000000000,   0.00000,
,,,07.870000000000,   0.01600,
,,,07.880000000000,   0.00800,
,,,07.890000000000,   0.01600,
,,,07.900000000000,   0.02400,
,,,07.910000000000,   0.00800,
,,,07.920000000000,   0.00800,
,,,07.930000000000,   0.00800,
,,,07.940000000000,   0.00000,
,,,07.950000000000,   0.00000,
,,,07.960000000000,   0.00800,
,,,07.970000000000,   0.00000,
,,,07.980000000000,   0.00000,
,,,07.990000000000,  -0.00800,
,,,08.000000000000,   0.00800,
,,,08.010000000000,  -0.01600,
,,,08.020000000000,   0.41600,
,,,08.030000000000,   0.36000,
,,,08.040000000000,   0.31200,
,,,08.050000000000,   0.28000,
,,,08.060000000000,   0.24000,
,,,08.070000000000,   0.21600,
,,,08.080000000000,   0.20000,
,,,08.090000000000,   0.16800,
,,,08.100000000000,   0.16000,
,,,08.110000000000,   0.14400,
,,,08.120000000000,   0.15200,
,,,08.130000000000,   0.13600,
,,,08.140000000000,   0.09600,
,,,08.150000000000,   0.09600,
,,,08.160000000000,   0.08000,
,,,08.170000000000,   0.04800,
,,,08.180000000000,   0.06400,
,,,08.190000000000,   0.04000,
,,,08.200000000000,   0.04800,
,,,08.210000000000,   0.04000,
,,,08.220000000000,   0.03200,
,,,08.230000000000,   0.04000,
,,,08.240000000000,   0.03200,
,,,08.250000000000,   0.03200,
,,,08.260000000000,   0.03200,
,,,08.270000000000,   0.02400,
,,,08.280000000000,   0.04000,
,,,08.290000000000,   0.02400,
,,,08.300000000000,   0.02400,
,,,08.310000000000,   0.02400,
,,,08.320000000000,   0.01600,
,,,08.330000000000,   0.00000,
,,,08.340000000000,   0.03200,
,,,08.350000000000,  -0.00800,
,,,08.360000000000,   0.01600,
,,,08.370000000000,  -0.01600,
,,,08.380000000000,   0.01600,
,,,08.390000000000,   0.00800,
,,,08.400000000000,   0.00000,
,,,08.410000000000,   0.00800,
,,,08.420000000000,   0.00000,
,,,08.430000000000,   0.01600,
,,,08.440000000000,   0.01600,
,,,08.450000000000,   0.00800,
,,,08.460000000000,   0.00000,
,,,08.470000000000,   0.00800,
,,,08.480000000000,   0.00800,
,,,08.490000000000,   0.00800,
,,,08.500000000000,   0.00800,
,,,08.510000000000,   0.00800,
,,,08.520000000000,   0.01600,
,,,08.530000000000,  -0.01600,
,,,08.540000000000,   0.00800,
,,,08.550000000000,  -0.01600,
,,,08.560000000000,   0.02400,
,,,08.570000000000,   0.00800,
,,,08.580000000000,   0.03200,
,,,08.590000000000,   0.00000,
,,,08.600000000000,   0.00800,
,,,08.610000000000,   0.01600,
,,,08.620000000000,   0.00000,
,,,08.630000000000,   0.00800,
,,,08.640000000000,  -0.01600,
,,,08.650000000000,   0.02400,
,,,08.660000000000,   0.00800,
,,,08.670000000000,   0.02400,
,,,08.680000000000,   0.00800,
,,,08.690000000000,   0.00800,
,,,08.700000000000,   0.00000,
,,,08.710000000000,   0.01600,
,,,08.720000000000,   0.00000,
,,,08.730000000000,   0.00800,
,,,08.740000000000,   0.00000,
,,,08.750000000000,   0.00000,
,,,08.760000000000,   0.00800,
,,,08.770000000000,   0.01600,
,,,08.780000000000,  -0.01600,
,,,08.790000000000,   0.00000,
,,,08.800000000000,   0.00800,
,,,08.810000000000,   0.00000,
,,,08.820000000000,   0.00000,
,,,08.830000000000,   0.02400,
,,,08.840000000000,   0.00000,
,,,08.850000000000,  -0.02400,
,,,08.860000000000,   0.00000,
,,,08.870000000000,  -0.01600,
,,,08.880000000000,   0.01600,
,,,08.890000000000,   0.00000,
,,,08.900000000000,   0.00000,
,,,08.910000000000,  -0.01600,
,,,08.920000000000,   0.01600,
,,,08.930000000000,   0.00000,
,,,08.940000000000,   0.02400,
,,,08.950000000000,   0.00800,
,,,08.960000000000,   0.00800,
,,,08.970000000000,   0.00000,
,,,08.980000000000,   0.02400,
,,,08.990000000000,   0.00000,
,,,09.000000000000,   0.00000,
,,,09.010000000000,   0.02400,
,,,09.020000000000,  -0.40800,
,,,09.030000000000,  -0.36000,
,,,09.040000000000,  -0.32800,
,,,09.050000000000,  -0.28800,
,,,09.060000000000,  -0.24000,
,,,09.070000000000,  -0.20800,
,,,09.080000000000,  -0.17600,
,,,09.090000000000,  -0.16000,
,,,09.100000000000,  -0.14400,
,,,09.110000000000,  -0.10400,
,,,09.120000000000,  -0.10400,
,,,09.130000000000,  -0.09600,
,,,09.140000000000,  -0.10400,
,,,09.150000000000,  -0.09600,
,,,09.160000000000,  -0.06400,
,,,09.170000000000,  -0.05600,
,,,09.180000000000,  -0.05600,
,,,09.190000000000,  -0.04800,
,,,09.200000000000,  -0.04800,
,,,09.210000000000,  -0.03200,
,,,09.220000000000,  -0.03200,
,,,09.230000000000,  -0.00800,
,,,09.240000000000,  -0.04000,
,,,09.250000000000,  -0.02400,
,,,09.260000000000,  -0.04000,
,,,09.270000000000,   0.00800,
,,,09.280000000000,  -0.02400,
,,,09.290000000000,   0.00000,
,,,09.300000000000,   0.00800,
,,,09.310000000000,  -0.01600,
,,,09.320000000000,   0.00000,
,,,09.330000000000,   0.00800,
,,,09.340000000000,  -0.02400,
,,,09.350000000000,  -0.00800,
,,,09.360000000000,  -0.01600,
,,,09.370000000000,  -0.01600,
,,,09.380000000000,   0.00800,
,,,09.390000000000,   0.00000,
,,,09.400000000000,  -0.00800,
,,,09.410000000000,   0.00800,
,,,09.420000000000,   0.00000,
,,,09.430000000000,   0.01600,
,,,09.440000000000,   0.00800,
,,,09.450000000000,  -0.01600,
,,,09.460000000000,   0.00000,
,,,09.470000000000,  -0.01600,
,,,09.480000000000,   0.01600,
,,,09.490000000000,  -0.01600,
,,,09.500000000000,  -0.02400,
,,,09.510000000000,  -0.00800,
,,,09.520000000000,   0.00000,
,,,09.530000000000,   0.00000,
,,,09.540000000000,   0.00800,
,,,09.550000000000,   0.00000,
,,,09.560000000000,   0.00800,
,,,09.570000000000,   0.01600,
,,,09.580000000000,   0.00000,
,,,09.590000000000,   0.00800,
,,,09.600000000000,   0.00000,
,,,09.610000000000,  -0.00800,
,,,09.620000000000,   0.00800,
,,,09.630000000000,   0.00000,
,,,09.640000000000,  -0.00800,
,,,09.650000000000,  -0.00800,
,,,09.660000000000,  -0.00800,
,,,09.670000000000,  -0.00800,
,,,09.680000000000,   0.00000,
,,,09.690000000000,   0.00800,
,,,09.700000000000,   0.00800,
,,,09.710000000000,   0.01600,
,,,09.720000000000,   0.02400,
,,,09.730000000000,  -0.00800,
,,,09.740000000000,  -0.00800,
,,,09.750000000000,   0.02400,
,,,09.760000000000,   0.02400,
,,,09.770000000000,   0.00800,
,,,09.780000000000,  -0.00800,
,,,09.790000000000,   0.02400,
,,,09.800000000000,   0.00000,
,,,09.810000000000,   0.00800,
,,,09.820000000000,   0.00800,
,,,09.830000000000,   0.00000,
,,,09.840000000000,   0.01600,
,,,09.850000000000,   0.00800,
,,,09.860000000000,   0.01600,
,,,09.870000000000,  -0.02400,
,,,09.880000000000,  -0.01600,
,,,09.890000000000,  -0.00800,
,,,09.900000000000,   0.00000,
,,,09.910000000000,   0.00000,
,,,09.920000000000,  -0.01600,
,,,09.930000000000,   0.00800,
,,,09.940000000000,   0.00800,
,,,09.950000000000,   0.01600,
,,,09.960000000000,   0.01600,
,,,09.970000000000,   0.00800,
,,,09.980000000000,  -0.01600,
,,,09.990000000000,   0.00800,
,,,10.000000000000,   0.01600,
,,,10.010000000000,   0.00000,
,,,10.020000000000,   0.40800,
,,,10.030000000000,   0.36800,
,,,10.040000000000,   0.32800,
,,,10.050000000000,   0.29600,
,,,10.060000000000,   0.24800,
,,,10.070000000000,   0.21600,
,,,10.080000000000,   0.18400,
,,,10.090000000000,   0.19200,
,,,10.100000000000,   0.15200,
,,,10.110000000000,   0.15200,
,,,10.120000000000,   0.12000,
,,,10.130000000000,   0.10400,
,,,10.140000000000,   0.06400,
,,,10.150000000000,   0.10400,
,,,10.160000000000,   0.07200,
,,,10.170000000000,   0.05600,
,,,10.180000000000,   0.04000,
,,,10.190000000000,   0.03200,
,,,10.200000000000,   0.05600,
,,,10.210000000000,   0.03200,
,,,10.220000000000,   0.08000,
,,,10.230000000000,   0.04000,
,,,10.240000000000,   0.04000,
,,,10.250000000000,   0.03200,
,,,10.260000000000,   0.01600,
,,,10.270000000000,   0.02400,
,,,10.280000000000,   0.01600,
,,,10.290000000000,   0.02400,
,,,10.300000000000,   0.04000,
,,,10.310000000000,   0.01600,
,,,10.320000000000,   0.01600,
,,,10.330000000000,   0.00000,
,,,10.340000000000,   0.01600,
,,,10.350000000000,   0.02400,
,,,10.360000000000,   0.03200,
,,,10.370000000000,  -0.00800,
,,,10.380000000000,   0.00800,
,,,10.390000000000,   0.02400,
,,,10.400000000000,  -0.01600,
,,,10.410000000000,   0.00800,
,,,10.420000000000,   0.00000,
,,,10.430000000000,   0.00000,
,,,10.440000000000,   0.01600,
,,,10.450000000000,   0.00800,
,,,10.460000000000,   0.02400,
,,,10.470000000000,   0.00000,
,,,10.480000000000,   0.00800,
,,,10.490000000000,   0.00800,
,,,10.500000000000,   0.01600,
,,,10.510000000000,   0.00800,
,,,10.520000000000,  -0.01600,
,,,10.530000000000,  -0.00800,
,,,10.540000000000,   0.00000,
,,,10.550000000000,  -0.01600,
,,,10.560000000000,   0.00000,
,,,10.570000000000,   0.00800,
,,,10.580000000000,  -0.00800,
,,,10.590000000000,   0.00000,
,,,10.600000000000,  -0.00800,
,,,10.610000000000,   0.01600,
,,,10.620000000000,   0.01600,
,,,10.630000000000,   0.01600,
,,,10.640000000000,   0.00800,
,,,10.650000000000,   0.01600,
,,,10.660000000000,   0.00000,
,,,10.670000000000,  -0.01600,
,,,10.680000000000,   0.00800,
,,,10.690000000000,  -0.01600,
,,,10.700000000000,   0.00800,
,,,10.710000000000,   0.00000,
,,,10.720000000000,   0.00800,
,,,10.730000000000,   0.00800,
,,,10.740000000000,   0.00800,
,,,10.750000000000,  -0.00800,
,,,10.760000000000,   0.00800,
,,,10.770000000000,   0.01600,
,,,10.780000000000,   0.00000,
,,,10.790000000000,  -0.02400,
,,,10.800000000000,   0.00000,
,,,10.810000000000,   0.02400,
,,,10.820000000000,   0.01600,
,,,10.830000000000,   0.02400,
,,,10.840000000000,   0.02400,
,,,10.850000000000,   0.00000,
,,,10.860000000000,  -0.01600,
,,,10.870000000000,   0.00800,
,,,10.880000000000,   0.03200,
,,,10.890000000000,   0.00800,
,,,10.900000000000,   0.01600,
,,,10.910000000000,   0.01600,
,,,10.920000000000,   0.01600,
,,,10.930000000000,   0.00800,
,,,10.940000000000,   0.00800,
,,,10.950000000000,   0.00000,
,,,10.960000000000,  -0.02400,
,,,10.970000000000,  -0.00800,
,,,10.980000000000,   0.00800,
,,,10.990000000000,  -0.00800,
,,,11.000000000000,   0.00800,
,,,11.010000000000,   0.00000,
,,,11.020000000000,  -0.40800,
,,,11.030000000000,  -0.33600,
,,,11.040000000000,  -0.28800,
,,,11.050000000000,  -0.28000,
,,,11.060000000000,  -0.24000,
,,,11.070000000000,  -0.20800,
,,,11.080000000000,  -0.18400,
,,,11.090000000000,  -0.17600,
,,,11.100000000000,  -0.13600,
,,,11.110000000000,  -0.14400,
,,,11.120000000000,  -0.11200,
,,,11.130000000000,  -0.08000,
,,,11.140000000000,  -0.08800,
,,,11.150000000000,  -0.08000,
,,,11.160000000000,  -0.07200,
,,,11.170000000000,  -0.06400,
,,,11.180000000000,  -0.05600,
,,,11.190000000000,  -0.05600,
,,,11.200000000000,  -0.04000,
,,,11.210000000000,  -0.04800,
,,,11.220000000000,  -0.03200,
,,,11.230000000000,  -0.01600,
,,,11.240000000000,  -0.00800,
,,,11.250000000000,  -0.01600,
,,,11.260000000000,  -0.01600,
,,,11.270000000000,  -0.01600,
,,,11.280000000000,  -0.01600,
,,,11.290000000000,  -0.04000,
,,,11.300000000000,  -0.01600,
,,,11.310000000000,   0.00000,
,,,11.320000000000,   0.01600,
,,,11.330000000000,  -0.00800,
,,,11.340000000000,  -0.00800,
,,,11.350000000000,   0.00000,
,,,11.360000000000,  -0.01600,
,,,11.370000000000,  -0.01600,
,,,11.380000000000,  -0.00800,
,,,11.390000000000,   0.00000,
,,,11.400000000000,  -0.00800,
,,,11.410000000000,   0.00800,
,,,11.420000000000,  -0.00800,
,,,11.430000000000,   0.00800,
,,,11.440000000000,   0.01600,
,,,11.450000000000,  -0.02400,
,,,11.460000000000,   0.00800,
,,,11.470000000000,   0.03200,
,,,11.480000000000,   0.00800,
,,,11.490000000000,   0.00800,
,,,11.500000000000,   0.00000,
,,,11.510000000000,   0.01600,
,,,11.520000000000,   0.00800,
,,,11.530000000000,  -0.01600,
,,,11.540000000000,   0.00800,
,,,11.550000000000,   0.00000,
,,,11.560000000000,  -0.03200,
,,,11.570000000000,   0.00800,
,,,11.580000000000,   0.00000,
,,,11.590000000000,  -0.01600,
,,,11.600000000000,  -0.01600,
,,,11.610000000000,   0.01600,
,,,11.620000000000,  -0.01600,
,,,11.630000000000,  -0.00800,
,,,11.640000000000,   0.00000,
,,,11.650000000000,   0.01600,
,,,11.660000000000,   0.01600,
,,,11.670000000000,   0.01600,
,,,11.680000000000,   0.00000,
,,,11.690000000000,   0.00800,
,,,11.700000000000,   0.01600,
,,,11.710000000000,   0.01600,
,,,11.720000000000,   0.00800,
,,,11.730000000000,  -0.01600,
,,,11.740000000000,  -0.00800,
,,,11.750000000000,   0.00800,
,,,11.760000000000,   0.00000,
,,,11.770000000000,   0.00000,
,,,11.780000000000,   0.00000,
,,,11.790000000000,   0.01600,
,,,11.800000000000,   0.01600,
,,,11.810000000000,   0.00000,
,,,11.820000000000,   0.00800,
,,,11.830000000000,   0.02400,
,,,11.840000000000,  -0.00800,
,,,11.850000000000,   0.00800,
,,,11.860000000000,   0.00000,
,,,11.870000000000,   0.00800,
,,,11.880000000000,  -0.00800,
,,,11.890000000000,   0.02400,
,,,11.900000000000,   0.00000,
,,,11.910000000000,   0.00000,
,,,11.920000000000,  -0.02400,
,,,11.930000000000,   0.01600,
,,,11.940000000000,  -0.01600,
,,,11.950000000000,   0.01600,
,,,11.960000000000,   0.00800,
,,,11.970000000000,   0.03200,
,,,11.980000000000,  -0.01600,
,,,11.990000000000,   0.02400,
,,,12.000000000000,   0.01600,
,,,12.010000000000,   0.01600,
,,,12.020000000000,   0.40800,
,,,12.030000000000,   0.36800,
,,,12.040000000000,   0.31200,
,,,12.050000000000,   0.28800,
,,,12.060000000000,   0.24000,
,,,12.070000000000,   0.21600,
,,,12.080000000000,   0.19200,
,,,12.090000000000,   0.17600,
,,,12.100000000000,   0.15200,
,,,12.110000000000,   0.12000,
,,,12.120000000000,   0.12000,
,,,12.130000000000,   0.12000,
,,,12.140000000000,   0.10400,
,,,12.150000000000,   0.08000,
,,,12.160000000000,   0.08800,
,,,12.170000000000,   0.07200,
,,,12.180000000000,   0.05600,
,,,12.190000000000,   0.06400,
,,,12.200000000000,   0.03200,
,,,12.210000000000,   0.03200,
,,,12.220000000000,   0.04000,
,,,12.230000000000,   0.03200,
,,,12.240000000000,   0.03200,
,,,12.250000000000,   0.04000,
,,,12.260000000000,   0.02400,
,,,12.270000000000,   0.02400,
,,,12.280000000000,   0.01600,
,,,12.290000000000,   0.00000,
,,,12.300000000000,   0.01600,
,,,12.310000000000,   0.02400,
,,,12.320000000000,   0.00800,
,,,12.330000000000,   0.00800,
,,,12.340000000000,   0.00800,
,,,12.350000000000,   0.01600,
,,,12.360000000000,   0.01600,
,,,12.370000000000,   0.03200,
,,,12.380000000000,   0.00000,
,,,12.390000000000,   0.00800,
,,,12.400000000000,   0.01600,
,,,12.410000000000,   0.02400,
,,,12.420000000000,   0.03200,
,,,12.430000000000,   0.01600,
,,,12.440000000000,   0.01600,
,,,12.450000000000,   0.00000,
,,,12.460000000000,   0.00800,
,,,12.470000000000,  -0.01600,
,,,12.480000000000,   0.00000,
,,,12.490000000000,   0.02400,
,,,12.500000000000,  -0.00800,
,,,12.510000000000,   0.01600,
,,,12.520000000000,  -0.00800,
,,,12.530000000000,   0.00800,
,,,12.540000000000,   0.00800,
,,,12.550000000000,   0.00000,
,,,12.560000000000,   0.01600,
,,,12.570000000000,   0.00800,
,,,12.580000000000,   0.00000,
,,,12.590000000000,   0.00000,
,,,12.600000000000,  -0.00800,
,,,12.610000000000,   0.02400,
,,,12.620000000000,   0.00000,
,,,12.630000000000,   0.00000,
,,,12.640000000000,   0.00000,
,,,12.650000000000,   0.02400,
,,,12.660000000000,   0.00800,
,,,12.670000000000,   0.00800,
,,,12.680000000000,   0.00000,
,,,12.690000000000,  -0.00800,
,,,12.700000000000,   0.00000,
,,,12.710000000000,   0.00000,
,,,12.720000000000,   0.01600,
,,,12.730000000000,   0.01600,
,,,12.740000000000,   0.00800,
,,,12.750000000000,   0.00800,
,,,12.760000000000,   0.02400,
,,,12.770000000000,   0.02400,
,,,12.780000000000,   0.00000,
,,,12.790000000000,   0.00800,
,,,12.800000000000,   0.00000,
,,,12.810000000000,   0.00000,
,,,12.820000000000,   0.02400,
,,,12.830000000000,  -0.00800,
,,,12.840000000000,   0.00800,
,,,12.850000000000,  -0.00800,
,,,12.860000000000,   0.00800,
,,,12.870000000000,   0.00800,
,,,12.880000000000,   0.00800,
,,,12.890000000000,   0.00000,
,,,12.900000000000,   0.00800,
,,,12.910000000000,   0.01600,
,,,12.920000000000,   0.00800,
,,,12.930000000000,  -0.01600,
,,,12.940000000000,   0.00000,
,,,12.950000000000,   0.00800,
,,,12.960000000000,   0.00800,
,,,12.970000000000,   0.01600,
,,,12.980000000000,  -0.00800,
,,,12.990000000000,   0.00800,
,,,13.000000000000,   0.01600,
,,,13.010000000000,   0.00000,
,,,13.020000000000,  -0.41600,
,,,13.030000000000,  -0.33600,
,,,13.040000000000,  -0.31200,
,,,13.050000000000,  -0.27200,
,,,13.060000000000,  -0.24000,
,,,13.070000000000,  -0.22400,
,,,13.080000000000,  -0.19200,
,,,13.090000000000,  -0.16800,
,,,13.100000000000,  -0.16800,
,,,13.110000000000,  -0.12800,
,,,13.120000000000,  -0.10400,
,,,13.130000000000,  -0.08000,
,,,13.140000000000,  -0.08800,
,,,13.150000000000,  -0.07200,
,,,13.160000000000,  -0.05600,
,,,13.170000000000,  -0.06400,
,,,13.180000000000,  -0.05600,
,,,13.190000000000,  -0.03200,
,,,13.200000000000,  -0.04800,
,,,13.210000000000,  -0.04000,
,,,13.220000000000,  -0.03200,
,,,13.230000000000,  -0.02400,
,,,13.240000000000,  -0.00800,
,,,13.250000000000,  -0.03200,
,,,13.260000000000,   0.00000,
,,,13.270000000000,  -0.03200,
,,,13.280000000000,   0.00800,
,,,13.290000000000,  -0.00800,
,,,13.300000000000,  -0.01600,
,,,13.310000000000,  -0.01600,
,,,13.320000000000,   0.00800,
,,,13.330000000000,   0.01600,
,,,13.340000000000,   0.00800,
,,,13.350000000000,  -0.02400,
,,,13.360000000000,   0.01600,
,,,13.370000000000,   0.01600,
,,,13.380000000000,  -0.01600,
,,,13.390000000000,   0.01600,
,,,13.400000000000,  -0.02400,
,,,13.410000000000,  -0.02400,
,,,13.420000000000,   0.00000,
,,,13.430000000000,   0.00800,
,,,13.440000000000,   0.01600,
,,,13.450000000000,   0.01600,
,,,13.460000000000,   0.01600,
,,,13.470000000000,   0.02400,
,,,13.480000000000,   0.00000,
,,,13.490000000000,   0.00000,
,,,13.500000000000,   0.01600,
,,,13.510000000000,   0.00000,
,,,13.520000000000,   0.00800,
,,,13.530000000000,   0.00800,
,,,13.540000000000,   0.01600,
,,,13.550000000000,   0.00800,
,,,13.560000000000,   0.01600,
,,,13.570000000000,  -0.02400,
,,,13.580000000000,   0.00000,
,,,13.590000000000,   0.00800,
,,,13.600000000000,  -0.00800,
,,,13.610000000000,  -0.00800,
,,,13.620000000000,   0.00000,
,,,13.630000000000,   0.00800,
,,,13.640000000000,   0.00800,
,,,13.650000000000,   0.00000,
,,,13.660000000000,   0.01600,
,,,13.670000000000,   0.00800,
,,,13.680000000000,  -0.01600,
,,,13.690000000000,   0.01600,
,,,13.700000000000,   0.00800,
,,,13.710000000000,   0.01600,
,,,13.720000000000,   0.00800,
,,,13.730000000000,   0.00000,
,,,13.740000000000,  -0.00800,
,,,13.750000000000,   0.00000,
,,,13.760000000000,   0.01600,
,,,13.770000000000,   0.00800,
,,,13.780000000000,   0.00800,
,,,13.790000000000,   0.00800,
,,,13.800000000000,   0.00000,
,,,13.810000000000,   0.00000,
,,,13.820000000000,   0.00000,
,,,13.830000000000,   0.00800,
,,,13.840000000000,   0.00800,
,,,13.850000000000,   0.00800,
,,,13.860000000000,  -0.01600,
,,,13.870000000000,   0.00000,
,,,13.880000000000,  -0.00800,
,,,13.890000000000,   0.02400,
,,,13.900000000000,  -0.01600,
,,,13.910000000000,   0.00800,
,,,13.920000000000,   0.00000,
,,,13.930000000000,   0.01600,
,,,13.940000000000,  -0.01600,
,,,13.950000000000,   0.00800,
,,,13.960000000000,   0.00800,
,,,13.970000000000,   0.00000,
,,,13.980000000000,   0.00800,
,,,13.990000000000,   0.01600,
,,,14.000000000000,   0.00000,
,,,14.010000000000,   0.00000,
,,,14.020000000000,   0.40800,
,,,14.030000000000,   0.37600,
,,,14.040000000000,   0.32000,
,,,14.050000000000,   0.28000,
,,,14.060000000000,   0.26400,
,,,14.070000000000,   0.22400,
,,,14.080000000000,   0.18400,
,,,14.090000000000,   0.16800,
,,,14.100000000000,   0.13600,
,,,14.110000000000,   0.12800,
,,,14.120000000000,   0.12000,
,,,14.130000000000,   0.12000,
,,,14.140000000000,   0.06400,
,,,14.150000000000,   0.10400,
,,,14.160000000000,   0.08800,
,,,14.170000000000,   0.08000,
,,,14.180000000000,   0.06400,
,,,14.190000000000,   0.06400,
,,,14.200000000000,   0.04800,
,,,14.210000000000,   0.05600,
,,,14.220000000000,   0.04800,
,,,14.230000000000,   0.02400,
,,,14.240000000000,   0.02400,
,,,14.250000000000,   0.01600,
,,,14.260000000000,   0.03200,
,,,14.270000000000,   0.01600,
,,,14.280000000000,   0.03200,
,,,14.290000000000,   0.03200,
,,,14.300000000000,   0.03200,
,,,14.310000000000,   0.03200,
,,,14.320000000000,  -0.00800,
,,,14.330000000000,   0.01600,
,,,14.340000000000,   0.00800,
,,,14.350000000000,   0.00800,
,,,14.360000000000,   0.01600,
,,,14.370000000000,   0.00800,
,,,14.380000000000,   0.00000,
,,,14.390000000000,   0.02400,
,,,14.400000000000,   0.00800,
,,,14.410000000000,   0.01600,
,,,14.420000000000,   0.03200,
,,,14.430000000000,   0.01600,
,,,14.440000000000,   0.00800,
,,,14.450000000000,   0.01600,
,,,14.460000000000,   0.03200,
,,,14.470000000000,  -0.00800,
,,,14.480000000000,   0.00000,
,,,14.490000000000,   0.00000,
,,,14.500000000000,   0.00000,
,,,14.510000000000,  -0.01600,
,,,14.520000000000,   0.00800,
,,,14.530000000000,   0.00800,
,,,14.540000000000,   0.00800,
,,,14.550000000000,   0.01600,
,,,14.560000000000,  -0.01600,
,,,14.570000000000,  -0.00800,
,,,14.580000000000,  -0.01600,
,,,14.590000000000,   0.01600,
,,,14.600000000000,   0.00000,
,,,14.610000000000,  -0.00800,
,,,14.620000000000,   0.00000,
,,,14.630000000000,   0.00800,
,,,14.640000000000,   0.01600,
,,,14.650000000000,   0.01600,
,,,14.660000000000,   0.00000,
,,,14.670000000000,   0.01600,
,,,14.680000000000,   0.00000,
,,,14.690000000000,  -0.00800,
,,,14.700000000000,  -0.00800,
,,,14.710000000000,  -0.01600,
,,,14.720000000000,  -0.00800,
,,,14.730000000000,   0.02400,
,,,14.740000000000,   0.00800,
,,,14.750000000000,  -0.01600,
,,,14.760000000000,   0.01600,
,,,14.770000000000,   0.02400,
,,,14.780000000000,   0.01600,
,,,14.790000000000,   0.01600,
,,,14.800000000000,   0.00000,
,,,14.810000000000,   0.00800,
,,,14.820000000000,   0.00800,
,,,14.830000000000,   0.00800,
,,,14.840000000000,   0.00000,
,,,14.850000000000,  -0.00800,
,,,14.860000000000,   0.01600,
,,,14.870000000000,   0.00800,
,,,14.880000000000,   0.00800,
,,,14.890000000000,   0.00000,
,,,14.900000000000,   0.02400,
,,,14.910000000000,   0.00000,
,,,14.920000000000,   0.02400,
,,,14.930000000000,   0.00000,
,,,14.940000000000,  -0.00800,
,,,14.950000000000,   0.00800,
,,,14.960000000000,   0.00000,
,,,14.970000000000,   0.00800,
,,,14.980000000000,  -0.00800,
,,,14.990000000000,  -0.01600,
,,,15.000000000000,   0.00800,
,,,15.010000000000,  -0.00800,
,,,15.020000000000,  -0.41600,
,,,15.030000000000,  -0.34400,
,,,15.040000000000,  -0.31200,
,,,15.050000000000,  -0.28800,
,,,15.060000000000,  -0.25600,
,,,15.070000000000,  -0.20000,
,,,15.080000000000,  -0.20800,
,,,15.090000000000,  -0.14400,
,,,15.100000000000,  -0.15200,
,,,15.110000000000,  -0.13600,
,,,15.120000000000,  -0.11200,
,,,15.130000000000,  -0.08800,
,,,15.140000000000,  -0.08800,
,,,15.150000000000,  -0.07200,
,,,15.160000000000,  -0.04800,
,,,15.170000000000,  -0.04000,
,,,15.180000000000,  -0.06400,
,,,15.190000000000,  -0.04000,
,,,15.200000000000,  -0.01600,
,,,15.210000000000,  -0.03200,
,,,15.220000000000,  -0.02400,
,,,15.230000000000,  -0.02400,
,,,15.240000000000,  -0.01600,
,,,15.250000000000,  -0.03200,
,,,15.260000000000,  -0.02400,
,,,15.270000000000,  -0.01600,
,,,15.280000000000,  -0.01600,
,,,15.290000000000,   0.00000,
,,,15.300000000000,   0.00000,
,,,15.310000000000,   0.01600,
,,,15.320000000000,   0.00000,
,,,15.330000000000,   0.00800,
,,,15.340000000000,   0.00000,
,,,15.350000000000,   0.00000,
,,,15.360000000000,   0.00000,
,,,15.370000000000,   0.00000,
,,,15.380000000000,   0.00000,
,,,15.390000000000,  -0.00800,
,,,15.400000000000,  -0.01600,
,,,15.410000000000,   0.01600,
,,,15.420000000000,  -0.02400,
,,,15.430000000000,  -0.02400,
,,,15.440000000000,   0.00800,
,,,15.450000000000,   0.01600,
,,,15.460000000000,  -0.00800,
,,,15.470000000000,  -0.02400,
,,,15.480000000000,  -0.01600,
,,,15.490000000000,  -0.01600,
,,,15.500000000000,  -0.01600,
,,,15.510000000000,   0.00800,
,,,15.520000000000,  -0.00800,
,,,15.530000000000,   0.00800,
,,,15.540000000000,  -0.00800,
,,,15.550000000000,   0.00800,
,,,15.560000000000,  -0.00800,
,,,15.570000000000,   0.00800,
,,,15.580000000000,   0.00800,
,,,15.590000000000,   0.01600,
,,,15.600000000000,   0.01600,
,,,15.610000000000,  -0.01600,
,,,15.620000000000,   0.00000,
,,,15.630000000000,  -0.01600,
,,,15.640000000000,  -0.00800,
,,,15.650000000000,   0.01600,
,,,15.660000000000,   0.00800,
,,,15.670000000000,   0.00000,
,,,15.680000000000,   0.00800,
,,,15.690000000000,   0.00000,
,,,15.700000000000,   0.00800,
,,,15.710000000000,   0.00000,
,,,15.720000000000,   0.00000,
,,,15.730000000000,  -0.02400,
,,,15.740000000000,   0.02400,
,,,15.750000000000,   0.00000,
,,,15.760000000000,  -0.01600,
,,,15.770000000000,   0.01600,
,,,15.780000000000,   0.00000,
,,,15.790000000000,   0.01600,
,,,15.800000000000,   0.01600,
,,,15.810000000000,  -0.00800,
,,,15.820000000000,   0.00800,
,,,15.830000000000,   0.02400,
,,,15.840000000000,   0.00000,
,,,15.850000000000,   0.00800,
,,,15.860000000000,   0.00000,
,,,15.870000000000,   0.01600,
,,,15.880000000000,   0.02400,
,,,15.890000000000,   0.00800,
,,,15.900000000000,   0.00000,
,,,15.910000000000,   0.01600,
,,,15.920000000000,   0.00000,
,,,15.930000000000,   0.00800,
,,,15.940000000000,   0.00000,
,,,15.950000000000,   0.00000,
,,,15.960000000000,   0.00000,
,,,15.970000000000,  -0.01600,
,,,15.980000000000,   0.00800,
,,,15.990000000000,   0.00800,
,,,16.000000000000,   0.02400,
,,,16.010000000000,   0.00800,
,,,16.020000000000,   0.44000,
,,,16.030000000000,   0.36800,
,,,16.040000000000,   0.29600,
,,,16.050000000000,   0.30400,
,,,16.060000000000,   0.24800,
,,,16.070000000000,   0.21600,
,,,16.080000000000,   0.20000,
,,,16.090000000000,   0.16800,
,,,16.100000000000,   0.16800,
,,,16.110000000000,   0.14400,
,,,16.120000000000,   0.10400,
,,,16.130000000000,   0.09600,
,,,16.140000000000,   0.08800,
,,,16.150000000000,   0.09600,
,,,16.160000000000,   0.08000,
,,,16.170000000000,   0.05600,
,,,16.180000000000,   0.07200,
,,,16.190000000000,   0.04000,
,,,16.200000000000,   0.04000,
,,,16.210000000000,   0.04800,
,,,16.220000000000,   0.02400,
,,,16.230000000000,   0.04800,
,,,16.240000000000,   0.02400,
,,,16.250000000000,   0.04800,
,,,16.260000000000,   0.01600,
,,,16.270000000000,   0.01600,
,,,16.280000000000,   0.02400,
,,,16.290000000000,   0.00800,
,,,16.300000000000,   0.00800,
,,,16.310000000000,   0.01600,
,,,16.320000000000,   0.01600,
,,,16.330000000000,   0.01600,
,,,16.340000000000,   0.01600,
,,,16.350000000000,   0.02400,
,,,16.360000000000,   0.01600,
,,,16.370000000000,   0.00000,
,,,16.380000000000,   0.00800,
,,,16.390000000000,   0.01600,
,,,16.400000000000,   0.00000,
,,,16.410000000000,   0.00000,
,,,16.420000000000,   0.00800,
,,,16.430000000000,   0.00000,
,,,16.440000000000,   0.01600,
,,,16.450000000000,   0.02400,
,,,16.460000000000,   0.00800,
,,,16.470000000000,  -0.01600,
,,,16.480000000000,   0.00000,
,,,16.490000000000,   0.00000,
,,,16.500000000000,   0.00800,
