Record Length,2.500000e+03,,   1.508000000000,   0.00800,
Sample Interval,2.000000e-03,,   1.510000000000,   0.00800,
Trigger Point,-7.540000000000e+02,,   1.512000000000,   0.01600,
,,,   1.514000000000,   0.00000,
,,,   1.516000000000,   0.02400,
,,,   1.518000000000,   0.00000,
Source,CH1,,   1.520000000000,  -0.00800,
Vertical Units,V,,   1.522000000000,   0.00000,
Vertical Scale,2.000000e-01,,   1.524000000000,   0.00000,
Vertical Offset,-8.000000e-03,,   1.526000000000,  -0.00800,
Horizontal Units,s,,   1.528000000000,   0.00800,
Horizontal Scale,5.000000e-01,,   1.530000000000,  -0.00800,
Pt Fmt,Y,,   1.532000000000,  -0.00800,
Yzero,0.000000e+00,,   1.534000000000,   0.01600,
Probe Atten,1.000000e+01,,   1.536000000000,   0.00800,
Model Number,TDS2024C,,   1.538000000000,  -0.02400,
Serial Number,C040020,,   1.540000000000,  -0.00800,
Firmware Version,FV:v24.26,,   1.542000000000,   0.02400,
,,,1.544000000000,   0.00000,
,,,1.546000000000,  -0.01600,
,,,1.548000000000,  -0.00800,
,,,1.550000000000,  -0.01600,
,,,1.552000000000,   0.00800,
,,,1.554000000000,   0.00000,
,,,1.556000000000,   0.00800,
,,,1.558000000000,   0.00000,
,,,1.560000000000,  -0.00800,
,,,1.562000000000,  -0.00800,
,,,1.564000000000,   0.01600,
,,,1.566000000000,  -0.01600,
,,,1.568000000000,  -0.02400,
,,,1.570000000000,   0.02400,
,,,1.572000000000,   0.02400,
,,,1.574000000000,   0.00800,
,,,1.576000000000,   0.01600,
,,,1.578000000000,   0.00000,
,,,1.580000000000,   0.00800,
,,,1.582000000000,   0.00000,
,,,1.584000000000,  -0.01600,
,,,1.586000000000,   0.01600,
,,,1.588000000000,   0.00000,
,,,1.590000000000,   0.01600,
,,,1.592000000000,   0.01600,
,,,1.594000000000,   0.00000,
,,,1.596000000000,   0.00000,
,,,1.598000000000,   0.00800,
,,,1.600000000000,   0.00000,
,,,1.602000000000,  -0.01600,
,,,1.604000000000,   0.02400,
,,,1.606000000000,   0.01600,
,,,1.608000000000,   0.02400,
,,,1.610000000000,   0.00800,
,,,1.612000000000,   0.01600,
,,,1.614000000000,   0.00000,
,,,1.616000000000,   0.01600,
,,,1.618000000000,   0.00000,
,,,1.620000000000,   0.00000,
,,,1.622000000000,   0.02400,
,,,1.624000000000,  -0.02400,
,,,1.626000000000,   0.00000,
,,,1.628000000000,   0.01600,
,,,1.630000000000,   0.00800,
,,,1.632000000000,   0.02400,
,,,1.634000000000,   0.00000,
,,,1.636000000000,  -0.00800,
,,,1.638000000000,   0.00800,
,,,1.640000000000,   0.00000,
,,,1.642000000000,   0.00800,
,,,1.644000000000,   0.00000,
,,,1.646000000000,   0.00000,
,,,1.648000000000,   0.00000,
,,,1.650000000000,   0.00800,
,,,1.652000000000,  -0.00800,
,,,1.654000000000,  -0.00800,
,,,1.656000000000,   0.00000,
,,,1.658000000000,   0.00000,
,,,1.660000000000,  -0.00800,
,,,1.662000000000,  -0.00800,
,,,1.664000000000,   0.00000,
,,,1.666000000000,   0.00800,
,,,1.668000000000,   0.00000,
,,,1.670000000000,  -0.01600,
,,,1.672000000000,   0.00000,
,,,1.674000000000,  -0.00800,
,,,1.676000000000,   0.02400,
,,,1.678000000000,   0.00000,
,,,1.680000000000,  -0.00800,
,,,1.682000000000,   0.01600,
,,,1.684000000000,  -0.01600,
,,,1.686000000000,   0.00800,
,,,1.688000000000,  -0.01600,
,,,1.690000000000,   0.01600,
,,,1.692000000000,   0.00000,
,,,1.694000000000,   0.00000,
,,,1.696000000000,   0.00000,
,,,1.698000000000,   0.00800,
,,,1.700000000000,   0.00000,
,,,1.702000000000,   0.01600,
,,,1.704000000000,   0.00000,
,,,1.706000000000,  -0.01600,
,,,1.708000000000,   0.01600,
,,,1.710000000000,   0.02400,
,,,1.712000000000,   0.02400,
,,,1.714000000000,  -0.00800,
,,,1.716000000000,   0.02400,
,,,1.718000000000,  -0.00800,
,,,1.720000000000,   0.00800,
,,,1.722000000000,   0.00000,
,,,1.724000000000,   0.00000,
,,,1.726000000000,  -0.00800,
,,,1.728000000000,   0.01600,
,,,1.730000000000,   0.00800,
,,,1.732000000000,   0.01600,
,,,1.734000000000,  -0.00800,
,,,1.736000000000,  -0.00800,
,,,1.738000000000,   0.00000,
,,,1.740000000000,  -0.00800,
,,,1.742000000000,  -0.00800,
,,,1.744000000000,   0.00000,
,,,1.746000000000,   0.00000,
,,,1.748000000000,   0.00000,
,,,1.750000000000,   0.00800,
,,,1.752000000000,   0.00800,
,,,1.754000000000,  -0.00800,
,,,1.756000000000,   0.02400,
,,,1.758000000000,   0.01600,
,,,1.760000000000,   0.00800,
,,,1.762000000000,   0.00000,
,,,1.764000000000,   0.00000,
,,,1.766000000000,   0.00800,
,,,1.768000000000,   0.00800,
,,,1.770000000000,   0.00000,
,,,1.772000000000,  -0.01600,
,,,1.774000000000,   0.00000,
,,,1.776000000000,  -0.00800,
,,,1.778000000000,   0.00000,
,,,1.780000000000,   0.00800,
,,,1.782000000000,  -0.00800,
,,,1.784000000000,   0.00800,
,,,1.786000000000,   0.01600,
,,,1.788000000000,   0.00000,
,,,1.790000000000,   0.00000,
,,,1.792000000000,   0.00000,
,,,1.794000000000,  -0.01600,
,,,1.796000000000,   0.02400,
,,,1.798000000000,   0.00800,
,,,1.800000000000,  -0.00800,
,,,1.802000000000,  -0.00800,
,,,1.804000000000,   0.01600,
,,,1.806000000000,   0.00000,
,,,1.808000000000,   0.00800,
,,,1.810000000000,   0.02400,
,,,1.812000000000,   0.00800,
,,,1.814000000000,  -0.00800,
,,,1.816000000000,   0.00800,
,,,1.818000000000,   0.00000,
,,,1.820000000000,   0.03200,
,,,1.822000000000,   0.00800,
,,,1.824000000000,   0.00000,
,,,1.826000000000,   0.02400,
,,,1.828000000000,  -0.00800,
,,,1.830000000000,   0.00000,
,,,1.832000000000,   0.00800,
,,,1.834000000000,  -0.01600,
,,,1.836000000000,   0.00800,
,,,1.838000000000,   0.00800,
,,,1.840000000000,   0.00800,
,,,1.842000000000,   0.00800,
,,,1.844000000000,   0.00800,
,,,1.846000000000,   0.01600,
,,,1.848000000000,   0.00800,
,,,1.850000000000,   0.00800,
,,,1.852000000000,   0.01600,
,,,1.854000000000,   0.00000,
,,,1.856000000000,   0.00000,
,,,1.858000000000,  -0.00800,
,,,1.860000000000,   0.00000,
,,,1.862000000000,   0.00000,
,,,1.864000000000,   0.00800,
,,,1.866000000000,   0.00000,
,,,1.868000000000,  -0.00800,
,,,1.870000000000,   0.03200,
,,,1.872000000000,   0.00800,
,,,1.874000000000,   0.00800,
,,,1.876000000000,   0.00800,
,,,1.878000000000,  -0.00800,
,,,1.880000000000,   0.00800,
,,,1.882000000000,   0.00000,
,,,1.884000000000,   0.00800,
,,,1.886000000000,   0.00000,
,,,1.888000000000,   0.02400,
,,,1.890000000000,   0.01600,
,,,1.892000000000,   0.03200,
,,,1.894000000000,   0.00000,
,,,1.896000000000,  -0.00800,
,,,1.898000000000,  -0.00800,
,,,1.900000000000,   0.00000,
,,,1.902000000000,   0.01600,
,,,1.904000000000,  -0.00800,
,,,1.906000000000,   0.00800,
,,,1.908000000000,   0.00800,
,,,1.910000000000,   0.01600,
,,,1.912000000000,  -0.02400,
,,,1.914000000000,   0.00000,
,,,1.916000000000,   0.00800,
,,,1.918000000000,   0.00800,
,,,1.920000000000,   0.02400,
,,,1.922000000000,   0.00000,
,,,1.924000000000,   0.01600,
,,,1.926000000000,   0.03200,
,,,1.928000000000,  -0.00800,
,,,1.930000000000,   0.00000,
,,,1.932000000000,   0.00800,
,,,1.934000000000,   0.02400,
,,,1.936000000000,   0.00800,
,,,1.938000000000,   0.00000,
,,,1.940000000000,  -0.00800,
,,,1.942000000000,   0.00800,
,,,1.944000000000,   0.00000,
,,,1.946000000000,   0.01600,
,,,1.948000000000,   0.00000,
,,,1.950000000000,   0.00000,
,,,1.952000000000,   0.00000,
,,,1.954000000000,  -0.01600,
,,,1.956000000000,   0.01600,
,,,1.958000000000,   0.00000,
,,,1.960000000000,   0.00000,
,,,1.962000000000,   0.00800,
,,,1.964000000000,   0.01600,
,,,1.966000000000,   0.00000,
,,,1.968000000000,   0.00800,
,,,1.970000000000,   0.00000,
,,,1.972000000000,   0.01600,
,,,1.974000000000,   0.00800,
,,,1.976000000000,   0.00000,
,,,1.978000000000,  -0.00800,
,,,1.980000000000,   0.01600,
,,,1.982000000000,  -0.00800,
,,,1.984000000000,  -0.00800,
,,,1.986000000000,   0.01600,
,,,1.988000000000,   0.00000,
,,,1.990000000000,   0.00800,
,,,1.992000000000,   0.02400,
,,,1.994000000000,   0.01600,
,,,1.996000000000,   0.00800,
,,,1.998000000000,  -0.00800,
,,,2.000000000000,   0.47200,
,,,2.002000000000,   0.44000,
,,,2.004000000000,   0.44000,
,,,2.006000000000,   0.42400,
,,,2.008000000000,   0.41600,
,,,2.010000000000,   0.40000,
,,,2.012000000000,   0.41600,
,,,2.014000000000,   0.38400,
,,,2.016000000000,   0.37600,
,,,2.018000000000,   0.36800,
,,,2.020000000000,   0.35200,
,,,2.022000000000,   0.34400,
,,,2.024000000000,   0.35200,
,,,2.026000000000,   0.33600,
,,,2.028000000000,   0.32800,
,,,2.030000000000,   0.29600,
,,,2.032000000000,   0.30400,
,,,2.034000000000,   0.30400,
,,,2.036000000000,   0.30400,
,,,2.038000000000,   0.28000,
,,,2.040000000000,   0.27200,
,,,2.042000000000,   0.25600,
,,,2.044000000000,   0.27200,
,,,2.046000000000,   0.24800,
,,,2.048000000000,   0.24800,
,,,2.050000000000,   0.24800,
,,,2.052000000000,   0.24000,
,,,2.054000000000,   0.23200,
,,,2.056000000000,   0.23200,
,,,2.058000000000,   0.20800,
,,,2.060000000000,   0.20000,
,,,2.062000000000,   0.20800,
,,,2.064000000000,   0.19200,
,,,2.066000000000,   0.20000,
,,,2.068000000000,   0.20000,
,,,2.070000000000,   0.19200,
,,,2.072000000000,   0.18400,
,,,2.074000000000,   0.17600,
,,,2.076000000000,   0.17600,
,,,2.078000000000,   0.16800,
,,,2.080000000000,   0.15200,
,,,2.082000000000,   0.16800,
,,,2.084000000000,   0.16800,
,,,2.086000000000,   0.15200,
,,,2.088000000000,   0.13600,
,,,2.090000000000,   0.16000,
,,,2.092000000000,   0.14400,
,,,2.094000000000,   0.15200,
,,,2.096000000000,   0.13600,
,,,2.098000000000,   0.12000,
,,,2.100000000000,   0.11200,
,,,2.102000000000,   0.13600,
,,,2.104000000000,   0.12000,
,,,2.106000000000,   0.11200,
,,,2.108000000000,   0.13600,
,,,2.110000000000,   0.12000,
,,,2.112000000000,   0.13600,
,,,2.114000000000,   0.09600,
,,,2.116000000000,   0.12000,
,,,2.118000000000,   0.10400,
,,,2.120000000000,   0.12800,
,,,2.122000000000,   0.10400,
,,,2.124000000000,   0.09600,
,,,2.126000000000,   0.08800,
,,,2.128000000000,   0.08000,
,,,2.130000000000,   0.08000,
,,,2.132000000000,   0.08800,
,,,2.134000000000,   0.09600,
,,,2.136000000000,   0.09600,
,,,2.138000000000,   0.08000,
,,,2.140000000000,   0.08000,
,,,2.142000000000,   0.08000,
,,,2.144000000000,   0.08800,
,,,2.146000000000,   0.09600,
,,,2.148000000000,   0.07200,
,,,2.150000000000,   0.07200,
,,,2.152000000000,   0.06400,
,,,2.154000000000,   0.06400,
,,,2.156000000000,   0.06400,
,,,2.158000000000,   0.06400,
,,,2.160000000000,   0.04800,
,,,2.162000000000,   0.06400,
,,,2.164000000000,   0.07200,
,,,2.166000000000,   0.08000,
,,,2.168000000000,   0.07200,
,,,2.170000000000,   0.06400,
,,,2.172000000000,   0.04800,
,,,2.174000000000,   0.03200,
,,,2.176000000000,   0.05600,
,,,2.178000000000,   0.05600,
,,,2.180000000000,   0.05600,
,,,2.182000000000,   0.05600,
,,,2.184000000000,   0.04800,
,,,2.186000000000,   0.05600,
,,,2.188000000000,   0.04000,
,,,2.190000000000,   0.04000,
,,,2.192000000000,   0.02400,
,,,2.194000000000,   0.04800,
,,,2.196000000000,   0.04800,
,,,2.198000000000,   0.03200,
,,,2.200000000000,   0.03200,
,,,2.202000000000,   0.04800,
,,,2.204000000000,   0.07200,
,,,2.206000000000,   0.05600,
,,,2.208000000000,   0.06400,
,,,2.210000000000,   0.04800,
,,,2.212000000000,   0.03200,
,,,2.214000000000,   0.04000,
,,,2.216000000000,   0.04000,
,,,2.218000000000,   0.04000,
,,,2.220000000000,   0.02400,
,,,2.222000000000,   0.03200,
,,,2.224000000000,   0.04800,
,,,2.226000000000,   0.04800,
,,,2.228000000000,   0.02400,
,,,2.230000000000,   0.03200,
,,,2.232000000000,   0.02400,
,,,2.234000000000,   0.01600,
,,,2.236000000000,   0.02400,
,,,2.238000000000,   0.02400,
,,,2.240000000000,   0.04800,
,,,2.242000000000,   0.02400,
,,,2.244000000000,   0.04000,
,,,2.246000000000,   0.04000,
,,,2.248000000000,   0.02400,
,,,2.250000000000,   0.03200,
,,,2.252000000000,   0.04000,
,,,2.254000000000,   0.02400,
,,,2.256000000000,   0.00000,
,,,2.258000000000,   0.02400,
,,,2.260000000000,   0.02400,
,,,2.262000000000,   0.02400,
,,,2.264000000000,   0.00800,
,,,2.266000000000,   0.00000,
,,,2.268000000000,   0.02400,
,,,2.270000000000,   0.01600,
,,,2.272000000000,   0.01600,
,,,2.274000000000,   0.00000,
,,,2.276000000000,   0.04800,
,,,2.278000000000,   0.00000,
,,,2.280000000000,   0.02400,
,,,2.282000000000,   0.01600,
,,,2.284000000000,   0.02400,
,,,2.286000000000,   0.00800,
,,,2.288000000000,   0.03200,
,,,2.290000000000,   0.01600,
,,,2.292000000000,   0.01600,
,,,2.294000000000,   0.00000,
,,,2.296000000000,   0.02400,
,,,2.298000000000,   0.01600,
,,,2.300000000000,   0.02400,
,,,2.302000000000,   0.02400,
,,,2.304000000000,   0.00800,
,,,2.306000000000,   0.02400,
,,,2.308000000000,   0.01600,
,,,2.310000000000,   0.01600,
,,,2.312000000000,   0.02400,
,,,2.314000000000,   0.02400,
,,,2.316000000000,   0.03200,
,,,2.318000000000,   0.00800,
,,,2.320000000000,   0.01600,
,,,2.322000000000,   0.00800,
,,,2.324000000000,   0.02400,
,,,2.326000000000,   0.00000,
,,,2.328000000000,   0.00800,
,,,2.330000000000,   0.00800,
,,,2.332000000000,   0.00800,
,,,2.334000000000,   0.02400,
,,,2.336000000000,   0.01600,
,,,2.338000000000,   0.00800,
,,,2.340000000000,   0.03200,
,,,2.342000000000,   0.01600,
,,,2.344000000000,   0.00800,
,,,2.346000000000,   0.01600,
,,,2.348000000000,   0.02400,
,,,2.350000000000,   0.00000,
,,,2.352000000000,   0.00800,
,,,2.354000000000,   0.02400,
,,,2.356000000000,   0.00000,
,,,2.358000000000,   0.01600,
,,,2.360000000000,   0.00000,
,,,2.362000000000,   0.00800,
,,,2.364000000000,   0.00000,
,,,2.366000000000,   0.00800,
,,,2.368000000000,   0.03200,
,,,2.370000000000,   0.00800,
,,,2.372000000000,  -0.02400,
,,,2.374000000000,   0.00000,
,,,2.376000000000,  -0.01600,
,,,2.378000000000,   0.02400,
,,,2.380000000000,  -0.02400,
,,,2.382000000000,   0.02400,
,,,2.384000000000,   0.03200,
,,,2.386000000000,   0.01600,
,,,2.388000000000,   0.00000,
,,,2.390000000000,   0.01600,
,,,2.392000000000,   0.00000,
,,,2.394000000000,   0.00000,
,,,2.396000000000,   0.00800,
,,,2.398000000000,   0.00000,
,,,2.400000000000,   0.00800,
,,,2.402000000000,   0.00000,
,,,2.404000000000,   0.00800,
,,,2.406000000000,  -0.00800,
,,,2.408000000000,   0.00000,
,,,2.410000000000,   0.03200,
,,,2.412000000000,   0.00000,
,,,2.414000000000,   0.02400,
,,,2.416000000000,  -0.00800,
,,,2.418000000000,   0.00800,
,,,2.420000000000,   0.00800,
,,,2.422000000000,   0.01600,
,,,2.424000000000,   0.00800,
,,,2.426000000000,   0.02400,
,,,2.428000000000,   0.02400,
,,,2.430000000000,   0.00800,
,,,2.432000000000,  -0.00800,
,,,2.434000000000,   0.00800,
,,,2.436000000000,  -0.00800,
,,,2.438000000000,   0.00000,
,,,2.440000000000,   0.00800,
,,,2.442000000000,   0.01600,
,,,2.444000000000,   0.00000,
,,,2.446000000000,   0.00000,
,,,2.448000000000,   0.00000,
,,,2.450000000000,   0.00000,
,,,2.452000000000,   0.00000,
,,,2.454000000000,   0.00800,
,,,2.456000000000,   0.00800,
,,,2.458000000000,   0.00000,
,,,2.460000000000,   0.00800,
,,,2.462000000000,   0.02400,
,,,2.464000000000,  -0.00800,
,,,2.466000000000,  -0.00800,
,,,2.468000000000,   0.00800,
,,,2.470000000000,   0.01600,
,,,2.472000000000,   0.02400,
,,,2.474000000000,   0.00000,
,,,2.476000000000,  -0.00800,
,,,2.478000000000,   0.00000,
,,,2.480000000000,   0.03200,
,,,2.482000000000,   0.00800,
,,,2.484000000000,   0.00800,
,,,2.486000000000,   0.00000,
,,,2.488000000000,   0.00800,
,,,2.490000000000,   0.01600,
,,,2.492000000000,   0.00000,
,,,2.494000000000,   0.01600,
,,,2.496000000000,   0.02400,
,,,2.498000000000,   0.00800,
,,,2.500000000000,   0.00000,
,,,2.502000000000,   0.00000,
,,,2.504000000000,   0.00000,
,,,2.506000000000,   0.00000,
,,,2.508000000000,   0.00000,
,,,2.510000000000,   0.02400,
,,,2.512000000000,   0.00800,
,,,2.514000000000,   0.00800,
,,,2.516000000000,   0.01600,
,,,2.518000000000,   0.02400,
,,,2.520000000000,  -0.00800,
,,,2.522000000000,   0.00000,
,,,2.524000000000,   0.00800,
,,,2.526000000000,   0.00000,
,,,2.528000000000,   0.00800,
,,,2.530000000000,   0.00800,
,,,2.532000000000,   0.00800,
,,,2.534000000000,   0.00800,
,,,2.536000000000,   0.00000,
,,,2.538000000000,   0.01600,
,,,2.540000000000,   0.02400,
,,,2.542000000000,   0.02400,
,,,2.544000000000,   0.01600,
,,,2.546000000000,   0.00800,
,,,2.548000000000,   0.02400,
,,,2.550000000000,   0.01600,
,,,2.552000000000,   0.01600,
,,,2.554000000000,   0.00000,
,,,2.556000000000,  -0.00800,
,,,2.558000000000,   0.00800,
,,,2.560000000000,   0.00800,
,,,2.562000000000,   0.00800,
,,,2.564000000000,   0.00800,
,,,2.566000000000,  -0.01600,
,,,2.568000000000,  -0.00800,
,,,2.570000000000,   0.00800,
,,,2.572000000000,   0.00000,
,,,2.574000000000,   0.01600,
,,,2.576000000000,   0.00000,
,,,2.578000000000,   0.00800,
,,,2.580000000000,   0.00000,
,,,2.582000000000,   0.01600,
,,,2.584000000000,   0.00000,
,,,2.586000000000,   0.02400,
,,,2.588000000000,   0.00800,
,,,2.590000000000,  -0.00800,
,,,2.592000000000,   0.02400,
,,,2.594000000000,   0.01600,
,,,2.596000000000,   0.00800,
,,,2.598000000000,   0.00000,
,,,2.600000000000,   0.00000,
,,,2.602000000000,   0.00000,
,,,2.604000000000,  -0.00800,
,,,2.606000000000,   0.01600,
,,,2.608000000000,   0.00000,
,,,2.610000000000,   0.00000,
,,,2.612000000000,   0.01600,
,,,2.614000000000,   0.00000,
,,,2.616000000000,  -0.00800,
,,,2.618000000000,   0.00800,
,,,2.620000000000,  -0.01600,
,,,2.622000000000,  -0.00800,
,,,2.624000000000,   0.01600,
,,,2.626000000000,  -0.00800,
,,,2.628000000000,   0.01600,
,,,2.630000000000,   0.02400,
,,,2.632000000000,  -0.00800,
,,,2.634000000000,   0.02400,
,,,2.636000000000,  -0.00800,
,,,2.638000000000,  -0.00800,
,,,2.640000000000,   0.00000,
,,,2.642000000000,   0.00800,
,,,2.644000000000,   0.00000,
,,,2.646000000000,   0.01600,
,,,2.648000000000,  -0.01600,
,,,2.650000000000,   0.00800,
,,,2.652000000000,   0.00800,
,,,2.654000000000,   0.00800,
,,,2.656000000000,   0.00800,
,,,2.658000000000,   0.01600,
,,,2.660000000000,   0.00000,
,,,2.662000000000,   0.00800,
,,,2.664000000000,   0.02400,
,,,2.666000000000,   0.00800,
,,,2.668000000000,  -0.02400,
,,,2.670000000000,   0.00800,
,,,2.672000000000,   0.00000,
,,,2.674000000000,   0.00800,
,,,2.676000000000,   0.02400,
,,,2.678000000000,   0.00000,
,,,2.680000000000,   0.03200,
,,,2.682000000000,   0.00800,
,,,2.684000000000,   0.01600,
,,,2.686000000000,   0.00800,
,,,2.688000000000,  -0.00800,
,,,2.690000000000,   0.00800,
,,,2.692000000000,  -0.00800,
,,,2.694000000000,   0.00000,
,,,2.696000000000,  -0.00800,
,,,2.698000000000,   0.00000,
,,,2.700000000000,   0.00000,
,,,2.702000000000,   0.00800,
,,,2.704000000000,  -0.00800,
,,,2.706000000000,   0.00800,
,,,2.708000000000,   0.00800,
,,,2.710000000000,   0.00000,
,,,2.712000000000,   0.00000,
,,,2.714000000000,   0.00000,
,,,2.716000000000,   0.00800,
,,,2.718000000000,   0.00800,
,,,2.720000000000,  -0.00800,
,,,2.722000000000,   0.00800,
,,,2.724000000000,  -0.01600,
,,,2.726000000000,  -0.00800,
,,,2.728000000000,   0.01600,
,,,2.730000000000,  -0.00800,
,,,2.732000000000,   0.01600,
,,,2.734000000000,   0.00800,
,,,2.736000000000,   0.00000,
,,,2.738000000000,   0.02400,
,,,2.740000000000,  -0.01600,
,,,2.742000000000,   0.00800,
,,,2.744000000000,   0.00000,
,,,2.746000000000,  -0.00800,
,,,2.748000000000,   0.03200,
,,,2.750000000000,  -0.00800,
,,,2.752000000000,   0.01600,
,,,2.754000000000,  -0.00800,
,,,2.756000000000,   0.00800,
,,,2.758000000000,   0.01600,
,,,2.760000000000,   0.00000,
,,,2.762000000000,   0.00000,
,,,2.764000000000,   0.00000,
,,,2.766000000000,   0.01600,
,,,2.768000000000,   0.00800,
,,,2.770000000000,   0.00800,
,,,2.772000000000,   0.00000,
,,,2.774000000000,   0.00800,
,,,2.776000000000,   0.00800,
,,,2.778000000000,   0.00000,
,,,2.780000000000,   0.00800,
,,,2.782000000000,   0.00800,
,,,2.784000000000,   0.00000,
,,,2.786000000000,   0.03200,
,,,2.788000000000,   0.00000,
,,,2.790000000000,  -0.00800,
,,,2.792000000000,  -0.00800,
,,,2.794000000000,   0.00000,
,,,2.796000000000,   0.01600,
,,,2.798000000000,   0.00800,
,,,2.800000000000,   0.01600,
,,,2.802000000000,  -0.00800,
,,,2.804000000000,   0.01600,
,,,2.806000000000,   0.00000,
,,,2.808000000000,   0.00000,
,,,2.810000000000,   0.00000,
,,,2.812000000000,  -0.01600,
,,,2.814000000000,   0.00000,
,,,2.816000000000,   0.00000,
,,,2.818000000000,   0.00000,
,,,2.820000000000,   0.00800,
,,,2.822000000000,   0.00000,
,,,2.824000000000,   0.00000,
,,,2.826000000000,  -0.00800,
,,,2.828000000000,  -0.02400,
,,,2.830000000000,   0.00800,
,,,2.832000000000,   0.02400,
,,,2.834000000000,   0.00800,
,,,2.836000000000,   0.00800,
,,,2.838000000000,   0.00800,
,,,2.840000000000,  -0.00800,
,,,2.842000000000,   0.00000,
,,,2.844000000000,  -0.00800,
,,,2.846000000000,   0.00800,
,,,2.848000000000,  -0.01600,
,,,2.850000000000,   0.00000,
,,,2.852000000000,   0.00800,
,,,2.854000000000,  -0.00800,
,,,2.856000000000,   0.01600,
,,,2.858000000000,   0.02400,
,,,2.860000000000,   0.00000,
,,,2.862000000000,   0.00000,
,,,2.864000000000,   0.00000,
,,,2.866000000000,   0.00000,
,,,2.868000000000,  -0.00800,
,,,2.870000000000,   0.00000,
,,,2.872000000000,  -0.00800,
,,,2.874000000000,   0.02400,
,,,2.876000000000,   0.00000,
,,,2.878000000000,   0.00000,
,,,2.880000000000,   0.02400,
,,,2.882000000000,   0.02400,
,,,2.884000000000,   0.00000,
,,,2.886000000000,   0.00000,
,,,2.888000000000,  -0.00800,
,,,2.890000000000,   0.00000,
,,,2.892000000000,  -0.01600,
,,,2.894000000000,   0.00000,
,,,2.896000000000,   0.00000,
,,,2.898000000000,   0.00000,
,,,2.900000000000,   0.00000,
,,,2.902000000000,   0.01600,
,,,2.904000000000,   0.00000,
,,,2.906000000000,   0.00800,
,,,2.908000000000,  -0.00800,
,,,2.910000000000,   0.01600,
,,,2.912000000000,   0.00000,
,,,2.914000000000,   0.00000,
,,,2.916000000000,   0.00000,
,,,2.918000000000,   0.00800,
,,,2.920000000000,   0.00000,
,,,2.922000000000,  -0.00800,
,,,2.924000000000,   0.00800,
,,,2.926000000000,   0.00000,
,,,2.928000000000,   0.00000,
,,,2.930000000000,   0.00800,
,,,2.932000000000,   0.00800,
,,,2.934000000000,   0.00800,
,,,2.936000000000,   0.02400,
,,,2.938000000000,   0.00000,
,,,2.940000000000,   0.00000,
,,,2.942000000000,   0.00800,
,,,2.944000000000,   0.00000,
,,,2.946000000000,   0.00000,
,,,2.948000000000,   0.00000,
,,,2.950000000000,   0.00000,
,,,2.952000000000,   0.00800,
,,,2.954000000000,   0.00000,
,,,2.956000000000,   0.02400,
,,,2.958000000000,   0.01600,
,,,2.960000000000,   0.00800,
,,,2.962000000000,   0.01600,
,,,2.964000000000,  -0.00800,
,,,2.966000000000,   0.01600,
,,,2.968000000000,   0.00000,
,,,2.970000000000,  -0.01600,
,,,2.972000000000,  -0.00800,
,,,2.974000000000,   0.00000,
,,,2.976000000000,   0.00000,
,,,2.978000000000,   0.00800,
,,,2.980000000000,   0.00800,
,,,2.982000000000,   0.00000,
,,,2.984000000000,   0.00800,
,,,2.986000000000,   0.00000,
,,,2.988000000000,  -0.00800,
,,,2.990000000000,   0.01600,
,,,2.992000000000,   0.02400,
,,,2.994000000000,   0.00000,
,,,2.996000000000,  -0.00800,
,,,2.998000000000,   0.00000,
,,,3.000000000000,  -0.44800,
,,,3.002000000000,  -0.45600,
,,,3.004000000000,  -0.44000,
,,,3.006000000000,  -0.43200,
,,,3.008000000000,  -0.40800,
,,,3.010000000000,  -0.40800,
,,,3.012000000000,  -0.38400,
,,,3.014000000000,  -0.37600,
,,,3.016000000000,  -0.36800,
,,,3.018000000000,  -0.35200,
,,,3.020000000000,  -0.34400,
,,,3.022000000000,  -0.32800,
,,,3.024000000000,  -0.32000,
,,,3.026000000000,  -0.32000,
,,,3.028000000000,  -0.29600,
,,,3.030000000000,  -0.29600,
,,,3.032000000000,  -0.29600,
,,,3.034000000000,  -0.28800,
,,,3.036000000000,  -0.30400,
,,,3.038000000000,  -0.28800,
,,,3.040000000000,  -0.26400,
,,,3.042000000000,  -0.27200,
,,,3.044000000000,  -0.28000,
,,,3.046000000000,  -0.25600,
,,,3.048000000000,  -0.24800,
,,,3.050000000000,  -0.24000,
,,,3.052000000000,  -0.21600,
,,,3.054000000000,  -0.21600,
,,,3.056000000000,  -0.21600,
,,,3.058000000000,  -0.22400,
,,,3.060000000000,  -0.19200,
,,,3.062000000000,  -0.19200,
,,,3.064000000000,  -0.17600,
,,,3.066000000000,  -0.19200,
,,,3.068000000000,  -0.18400,
,,,3.070000000000,  -0.16800,
,,,3.072000000000,  -0.17600,
,,,3.074000000000,  -0.17600,
,,,3.076000000000,  -0.17600,
,,,3.078000000000,  -0.16000,
,,,3.080000000000,  -0.15200,
,,,3.082000000000,  -0.15200,
,,,3.084000000000,  -0.13600,
,,,3.086000000000,  -0.16000,
,,,3.088000000000,  -0.12800,
,,,3.090000000000,  -0.15200,
,,,3.092000000000,  -0.14400,
,,,3.094000000000,  -0.12000,
,,,3.096000000000,  -0.12800,
,,,3.098000000000,  -0.14400,
,,,3.100000000000,  -0.13600,
,,,3.102000000000,  -0.13600,
,,,3.104000000000,  -0.10400,
,,,3.106000000000,  -0.12000,
,,,3.108000000000,  -0.11200,
,,,3.110000000000,  -0.11200,
,,,3.112000000000,  -0.12000,
,,,3.114000000000,  -0.12000,
,,,3.116000000000,  -0.11200,
,,,3.118000000000,  -0.08800,
,,,3.120000000000,  -0.11200,
,,,3.122000000000,  -0.09600,
,,,3.124000000000,  -0.08800,
,,,3.126000000000,  -0.08800,
,,,3.128000000000,  -0.08800,
,,,3.130000000000,  -0.08000,
,,,3.132000000000,  -0.07200,
,,,3.134000000000,  -0.07200,
,,,3.136000000000,  -0.08000,
,,,3.138000000000,  -0.08000,
,,,3.140000000000,  -0.06400,
,,,3.142000000000,  -0.07200,
,,,3.144000000000,  -0.07200,
,,,3.146000000000,  -0.04800,
,,,3.148000000000,  -0.07200,
,,,3.150000000000,  -0.06400,
,,,3.152000000000,  -0.07200,
,,,3.154000000000,  -0.05600,
,,,3.156000000000,  -0.07200,
,,,3.158000000000,  -0.05600,
,,,3.160000000000,  -0.05600,
,,,3.162000000000,  -0.05600,
,,,3.164000000000,  -0.05600,
,,,3.166000000000,  -0.08000,
,,,3.168000000000,  -0.04000,
,,,3.170000000000,  -0.07200,
,,,3.172000000000,  -0.04000,
,,,3.174000000000,  -0.04800,
,,,3.176000000000,  -0.04000,
,,,3.178000000000,  -0.03200,
,,,3.180000000000,  -0.03200,
,,,3.182000000000,  -0.02400,
,,,3.184000000000,  -0.04800,
,,,3.186000000000,  -0.04800,
,,,3.188000000000,  -0.03200,
,,,3.190000000000,  -0.04000,
,,,3.192000000000,  -0.04800,
,,,3.194000000000,  -0.03200,
,,,3.196000000000,  -0.05600,
,,,3.198000000000,  -0.04800,
,,,3.200000000000,  -0.04000,
,,,3.202000000000,  -0.03200,
,,,3.204000000000,  -0.01600,
,,,3.206000000000,  -0.03200,
,,,3.208000000000,  -0.04800,
,,,3.210000000000,  -0.02400,
,,,3.212000000000,  -0.02400,
,,,3.214000000000,  -0.04000,
,,,3.216000000000,  -0.01600,
,,,3.218000000000,  -0.02400,
,,,3.220000000000,  -0.02400,
,,,3.222000000000,  -0.02400,
,,,3.224000000000,  -0.03200,
,,,3.226000000000,  -0.01600,
,,,3.228000000000,  -0.04000,
,,,3.230000000000,  -0.00800,
,,,3.232000000000,  -0.02400,
,,,3.234000000000,  -0.03200,
,,,3.236000000000,  -0.04000,
,,,3.238000000000,  -0.04000,
,,,3.240000000000,  -0.04000,
,,,3.242000000000,  -0.02400,
,,,3.244000000000,  -0.01600,
,,,3.246000000000,  -0.00800,
,,,3.248000000000,  -0.02400,
,,,3.250000000000,  -0.02400,
,,,3.252000000000,   0.00000,
,,,3.254000000000,  -0.01600,
,,,3.256000000000,  -0.03200,
,,,3.258000000000,  -0.01600,
,,,3.260000000000,  -0.02400,
,,,3.262000000000,  -0.01600,
,,,3.264000000000,   0.00000,
,,,3.266000000000,  -0.00800,
,,,3.268000000000,   0.00000,
,,,3.270000000000,  -0.00800,
,,,3.272000000000,  -0.01600,
,,,3.274000000000,  -0.00800,
,,,3.276000000000,  -0.00800,
,,,3.278000000000,  -0.02400,
,,,3.280000000000,   0.00000,
,,,3.282000000000,   0.00000,
,,,3.284000000000,  -0.00800,
,,,3.286000000000,  -0.00800,
,,,3.288000000000,  -0.00800,
,,,3.290000000000,  -0.02400,
,,,3.292000000000,   0.00800,
,,,3.294000000000,   0.00000,
,,,3.296000000000,   0.00800,
,,,3.298000000000,  -0.01600,
,,,3.300000000000,  -0.03200,
,,,3.302000000000,   0.00000,
,,,3.304000000000,  -0.00800,
,,,3.306000000000,  -0.02400,
,,,3.308000000000,  -0.01600,
,,,3.310000000000,  -0.01600,
,,,3.312000000000,   0.00000,
,,,3.314000000000,  -0.00800,
,,,3.316000000000,  -0.03200,
,,,3.318000000000,   0.00800,
,,,3.320000000000,   0.00000,
,,,3.322000000000,   0.00000,
,,,3.324000000000,  -0.01600,
,,,3.326000000000,   0.00000,
,,,3.328000000000,  -0.00800,
,,,3.330000000000,   0.00800,
,,,3.332000000000,  -0.01600,
,,,3.334000000000,  -0.01600,
,,,3.336000000000,  -0.01600,
,,,3.338000000000,  -0.00800,
,,,3.340000000000,  -0.01600,
,,,3.342000000000,  -0.00800,
,,,3.344000000000,  -0.03200,
,,,3.346000000000,  -0.01600,
,,,3.348000000000,  -0.01600,
,,,3.350000000000,  -0.00800,
,,,3.352000000000,  -0.00800,
,,,3.354000000000,  -0.00800,
,,,3.356000000000,  -0.01600,
,,,3.358000000000,   0.00000,
,,,3.360000000000,   0.01600,
,,,3.362000000000,  -0.00800,
,,,3.364000000000,   0.00000,
,,,3.366000000000,   0.00000,
,,,3.368000000000,  -0.00800,
,,,3.370000000000,   0.00000,
,,,3.372000000000,   0.00000,
,,,3.374000000000,   0.00800,
,,,3.376000000000,   0.01600,
,,,3.378000000000,   0.00800,
,,,3.380000000000,   0.00800,
,,,3.382000000000,  -0.01600,
,,,3.384000000000,  -0.00800,
,,,3.386000000000,   0.00800,
,,,3.388000000000,  -0.00800,
,,,3.390000000000,   0.00000,
,,,3.392000000000,   0.00800,
,,,3.394000000000,  -0.00800,
,,,3.396000000000,   0.00800,
,,,3.398000000000,   0.00000,
,,,3.400000000000,  -0.01600,
,,,3.402000000000,  -0.01600,
,,,3.404000000000,  -0.00800,
,,,3.406000000000,   0.01600,
,,,3.408000000000,   0.01600,
,,,3.410000000000,  -0.01600,
,,,3.412000000000,   0.00000,
,,,3.414000000000,   0.00000,
,,,3.416000000000,  -0.00800,
,,,3.418000000000,   0.02400,
,,,3.420000000000,   0.00000,
,,,3.422000000000,   0.00000,
,,,3.424000000000,   0.00000,
,,,3.426000000000,   0.00800,
,,,3.428000000000,   0.02400,
,,,3.430000000000,  -0.00800,
,,,3.432000000000,   0.02400,
,,,3.434000000000,  -0.02400,
,,,3.436000000000,   0.01600,
,,,3.438000000000,  -0.01600,
,,,3.440000000000,  -0.00800,
,,,3.442000000000,   0.00000,
,,,3.444000000000,   0.00000,
,,,3.446000000000,  -0.00800,
,,,3.448000000000,   0.02400,
,,,3.450000000000,  -0.00800,
,,,3.452000000000,   0.00800,
,,,3.454000000000,  -0.01600,
,,,3.456000000000,   0.01600,
,,,3.458000000000,  -0.00800,
,,,3.460000000000,  -0.02400,
,,,3.462000000000,   0.02400,
,,,3.464000000000,  -0.00800,
,,,3.466000000000,   0.00000,
,,,3.468000000000,   0.00000,
,,,3.470000000000,   0.00800,
,,,3.472000000000,   0.00000,
,,,3.474000000000,   0.01600,
,,,3.476000000000,   0.01600,
,,,3.478000000000,   0.00000,
,,,3.480000000000,   0.03200,
,,,3.482000000000,  -0.00800,
,,,3.484000000000,   0.00800,
,,,3.486000000000,  -0.01600,
,,,3.488000000000,   0.00800,
,,,3.490000000000,  -0.00800,
,,,3.492000000000,   0.01600,
,,,3.494000000000,  -0.00800,
,,,3.496000000000,   0.00000,
,,,3.498000000000,   0.00000,
,,,3.500000000000,   0.02400,
,,,3.502000000000,   0.00800,
,,,3.504000000000,   0.00000,
,,,3.506000000000,   0.00000,
,,,3.508000000000,  -0.00800,
,,,3.510000000000,   0.01600,
,,,3.512000000000,   0.00000,
,,,3.514000000000,   0.00000,
,,,3.516000000000,   0.00000,
,,,3.518000000000,   0.00800,
,,,3.520000000000,   0.00000,
,,,3.522000000000,   0.01600,
,,,3.524000000000,   0.02400,
,,,3.526000000000,   0.02400,
,,,3.528000000000,  -0.01600,
,,,3.530000000000,   0.01600,
,,,3.532000000000,  -0.01600,
,,,3.534000000000,  -0.00800,
,,,3.536000000000,   0.00000,
,,,3.538000000000,  -0.00800,
,,,3.540000000000,  -0.00800,
,,,3.542000000000,   0.02400,
,,,3.544000000000,  -0.01600,
,,,3.546000000000,   0.02400,
,,,3.548000000000,   0.01600,
,,,3.550000000000,   0.00000,
,,,3.552000000000,  -0.00800,
,,,3.554000000000,   0.00000,
,,,3.556000000000,   0.00000,
,,,3.558000000000,   0.00800,
,,,3.560000000000,   0.00800,
,,,3.562000000000,   0.00800,
,,,3.564000000000,   0.00000,
,,,3.566000000000,   0.01600,
,,,3.568000000000,   0.01600,
,,,3.570000000000,   0.00000,
,,,3.572000000000,  -0.02400,
,,,3.574000000000,   0.00000,
,,,3.576000000000,  -0.00800,
,,,3.578000000000,   0.00000,
,,,3.580000000000,  -0.01600,
,,,3.582000000000,  -0.00800,
,,,3.584000000000,   0.00800,
,,,3.586000000000,  -0.00800,
,,,3.588000000000,  -0.00800,
,,,3.590000000000,   0.00000,
,,,3.592000000000,   0.00000,
,,,3.594000000000,   0.00800,
,,,3.596000000000,   0.00000,
,,,3.598000000000,   0.00800,
,,,3.600000000000,  -0.00800,
,,,3.602000000000,   0.04800,
,,,3.604000000000,   0.00000,
,,,3.606000000000,  -0.00800,
,,,3.608000000000,   0.00800,
,,,3.610000000000,   0.00000,
,,,3.612000000000,  -0.00800,
,,,3.614000000000,   0.01600,
,,,3.616000000000,   0.01600,
,,,3.618000000000,   0.00800,
,,,3.620000000000,  -0.00800,
,,,3.622000000000,   0.00000,
,,,3.624000000000,   0.00000,
,,,3.626000000000,   0.00800,
,,,3.628000000000,   0.01600,
,,,3.630000000000,  -0.00800,
,,,3.632000000000,   0.00000,
,,,3.634000000000,  -0.00800,
,,,3.636000000000,   0.00800,
,,,3.638000000000,  -0.00800,
,,,3.640000000000,   0.00000,
,,,3.642000000000,   0.00800,
,,,3.644000000000,   0.02400,
,,,3.646000000000,  -0.01600,
,,,3.648000000000,  -0.00800,
,,,3.650000000000,   0.00800,
,,,3.652000000000,   0.00800,
,,,3.654000000000,   0.00000,
,,,3.656000000000,   0.01600,
,,,3.658000000000,  -0.00800,
,,,3.660000000000,   0.00800,
,,,3.662000000000,  -0.01600,
,,,3.664000000000,  -0.01600,
,,,3.666000000000,  -0.00800,
,,,3.668000000000,   0.01600,
,,,3.670000000000,   0.00000,
,,,3.672000000000,   0.02400,
,,,3.674000000000,  -0.00800,
,,,3.676000000000,   0.00800,
,,,3.678000000000,   0.02400,
,,,3.680000000000,   0.00800,
,,,3.682000000000,  -0.01600,
,,,3.684000000000,  -0.00800,
,,,3.686000000000,   0.00800,
,,,3.688000000000,   0.00000,
,,,3.690000000000,   0.00800,
,,,3.692000000000,   0.00000,
,,,3.694000000000,   0.00800,
,,,3.696000000000,   0.00000,
,,,3.698000000000,   0.02400,
,,,3.700000000000,   0.00800,
,,,3.702000000000,   0.01600,
,,,3.704000000000,   0.00000,
,,,3.706000000000,   0.02400,
,,,3.708000000000,   0.00800,
,,,3.710000000000,   0.00800,
,,,3.712000000000,   0.02400,
,,,3.714000000000,  -0.00800,
,,,3.716000000000,   0.00000,
,,,3.718000000000,   0.00800,
,,,3.720000000000,   0.03200,
,,,3.722000000000,   0.00800,
,,,3.724000000000,  -0.00800,
,,,3.726000000000,   0.03200,
,,,3.728000000000,   0.01600,
,,,3.730000000000,   0.02400,
,,,3.732000000000,  -0.01600,
,,,3.734000000000,  -0.01600,
,,,3.736000000000,   0.00000,
,,,3.738000000000,   0.00000,
,,,3.740000000000,  -0.00800,
,,,3.742000000000,  -0.02400,
,,,3.744000000000,   0.00000,
,,,3.746000000000,  -0.00800,
,,,3.748000000000,   0.00800,
,,,3.750000000000,   0.03200,
,,,3.752000000000,   0.00000,
,,,3.754000000000,   0.01600,
,,,3.756000000000,  -0.01600,
,,,3.758000000000,  -0.00800,
,,,3.760000000000,   0.00800,
,,,3.762000000000,   0.00000,
,,,3.764000000000,   0.00800,
,,,3.766000000000,   0.00800,
,,,3.768000000000,   0.00000,
,,,3.770000000000,   0.00800,
,,,3.772000000000,   0.00000,
,,,3.774000000000,   0.02400,
,,,3.776000000000,   0.00000,
,,,3.778000000000,   0.02400,
,,,3.780000000000,   0.01600,
,,,3.782000000000,   0.00000,
,,,3.784000000000,   0.00000,
,,,3.786000000000,   0.00000,
,,,3.788000000000,   0.00000,
,,,3.790000000000,   0.00000,
,,,3.792000000000,   0.00000,
,,,3.794000000000,   0.00800,
,,,3.796000000000,  -0.00800,
,,,3.798000000000,  -0.01600,
,,,3.800000000000,   0.00800,
,,,3.802000000000,   0.00000,
,,,3.804000000000,   0.00000,
,,,3.806000000000,   0.00800,
,,,3.808000000000,   0.00000,
,,,3.810000000000,   0.00000,
,,,3.812000000000,   0.02400,
,,,3.814000000000,   0.00000,
,,,3.816000000000,   0.03200,
,,,3.818000000000,   0.00000,
,,,3.820000000000,   0.00800,
,,,3.822000000000,   0.00000,
,,,3.824000000000,   0.01600,
,,,3.826000000000,   0.00800,
,,,3.828000000000,   0.00000,
,,,3.830000000000,   0.02400,
,,,3.832000000000,   0.02400,
,,,3.834000000000,  -0.00800,
,,,3.836000000000,   0.00800,
,,,3.838000000000,   0.01600,
,,,3.840000000000,   0.00800,
,,,3.842000000000,   0.00800,
,,,3.844000000000,  -0.01600,
,,,3.846000000000,  -0.00800,
,,,3.848000000000,   0.00000,
,,,3.850000000000,   0.00000,
,,,3.852000000000,   0.00800,
,,,3.854000000000,  -0.01600,
,,,3.856000000000,  -0.00800,
,,,3.858000000000,   0.01600,
,,,3.860000000000,   0.00800,
,,,3.862000000000,  -0.00800,
,,,3.864000000000,   0.00000,
,,,3.866000000000,   0.00800,
,,,3.868000000000,   0.02400,
,,,3.870000000000,   0.00000,
,,,3.872000000000,  -0.00800,
,,,3.874000000000,   0.00000,
,,,3.876000000000,   0.00800,
,,,3.878000000000,   0.00800,
,,,3.880000000000,   0.00800,
,,,3.882000000000,   0.00800,
,,,3.884000000000,   0.02400,
,,,3.886000000000,   0.01600,
,,,3.888000000000,   0.00000,
,,,3.890000000000,  -0.01600,
,,,3.892000000000,   0.00000,
,,,3.894000000000,   0.00000,
,,,3.896000000000,   0.00000,
,,,3.898000000000,   0.02400,
,,,3.900000000000,   0.02400,
,,,3.902000000000,   0.00000,
,,,3.904000000000,   0.01600,
,,,3.906000000000,   0.00000,
,,,3.908000000000,   0.00800,
,,,3.910000000000,   0.02400,
,,,3.912000000000,   0.00800,
,,,3.914000000000,   0.00000,
,,,3.916000000000,  -0.00800,
,,,3.918000000000,   0.00000,
,,,3.920000000000,  -0.00800,
,,,3.922000000000,   0.00800,
,,,3.924000000000,   0.00000,
,,,3.926000000000,   0.00800,
,,,3.928000000000,   0.00800,
,,,3.930000000000,  -0.00800,
,,,3.932000000000,  -0.00800,
,,,3.934000000000,   0.00800,
,,,3.936000000000,   0.00800,
,,,3.938000000000,  -0.00800,
,,,3.940000000000,   0.00000,
,,,3.942000000000,   0.02400,
,,,3.944000000000,  -0.01600,
,,,3.946000000000,   0.00800,
,,,3.948000000000,   0.00800,
,,,3.950000000000,   0.00000,
,,,3.952000000000,   0.00800,
,,,3.954000000000,   0.00800,
,,,3.956000000000,   0.00800,
,,,3.958000000000,   0.01600,
,,,3.960000000000,   0.01600,
,,,3.962000000000,  -0.00800,
,,,3.964000000000,   0.01600,
,,,3.966000000000,   0.00800,
,,,3.968000000000,   0.00000,
,,,3.970000000000,   0.00000,
,,,3.972000000000,   0.00000,
,,,3.974000000000,   0.00000,
,,,3.976000000000,   0.01600,
,,,3.978000000000,   0.00800,
,,,3.980000000000,   0.00000,
,,,3.982000000000,   0.00000,
,,,3.984000000000,   0.00800,
,,,3.986000000000,  -0.01600,
,,,3.988000000000,  -0.00800,
,,,3.990000000000,   0.00000,
,,,3.992000000000,   0.02400,
,,,3.994000000000,   0.00000,
,,,3.996000000000,   0.00000,
,,,3.998000000000,  -0.00800,
,,,4.000000000000,   0.46400,
,,,4.002000000000,   0.45600,
,,,4.004000000000,   0.44000,
,,,4.006000000000,   0.43200,
,,,4.008000000000,   0.42400,
,,,4.010000000000,   0.40000,
,,,4.012000000000,   0.39200,
,,,4.014000000000,   0.39200,
,,,4.016000000000,   0.36800,
,,,4.018000000000,   0.37600,
,,,4.020000000000,   0.34400,
,,,4.022000000000,   0.35200,
,,,4.024000000000,   0.32000,
,,,4.026000000000,   0.30400,
,,,4.028000000000,   0.32800,
,,,4.030000000000,   0.32000,
,,,4.032000000000,   0.28800,
,,,4.034000000000,   0.30400,
,,,4.036000000000,   0.29600,
,,,4.038000000000,   0.28800,
,,,4.040000000000,   0.27200,
,,,4.042000000000,   0.27200,
,,,4.044000000000,   0.26400,
,,,4.046000000000,   0.24000,
,,,4.048000000000,   0.24800,
,,,4.050000000000,   0.24000,
,,,4.052000000000,   0.23200,
,,,4.054000000000,   0.23200,
,,,4.056000000000,   0.23200,
,,,4.058000000000,   0.21600,
,,,4.060000000000,   0.20000,
,,,4.062000000000,   0.20800,
,,,4.064000000000,   0.20800,
,,,4.066000000000,   0.21600,
,,,4.068000000000,   0.20800,
,,,4.070000000000,   0.17600,
,,,4.072000000000,   0.18400,
,,,4.074000000000,   0.18400,
,,,4.076000000000,   0.16000,
,,,4.078000000000,   0.17600,
,,,4.080000000000,   0.15200,
,,,4.082000000000,   0.16800,
,,,4.084000000000,   0.17600,
,,,4.086000000000,   0.13600,
,,,4.088000000000,   0.14400,
,,,4.090000000000,   0.16000,
,,,4.092000000000,   0.12000,
,,,4.094000000000,   0.14400,
,,,4.096000000000,   0.13600,
,,,4.098000000000,   0.12800,
,,,4.100000000000,   0.12000,
,,,4.102000000000,   0.12800,
,,,4.104000000000,   0.12000,
,,,4.106000000000,   0.12800,
,,,4.108000000000,   0.12000,
,,,4.110000000000,   0.12000,
,,,4.112000000000,   0.13600,
,,,4.114000000000,   0.10400,
,,,4.116000000000,   0.12000,
,,,4.118000000000,   0.09600,
,,,4.120000000000,   0.09600,
,,,4.122000000000,   0.09600,
,,,4.124000000000,   0.08000,
,,,4.126000000000,   0.10400,
,,,4.128000000000,   0.08800,
,,,4.130000000000,   0.08800,
,,,4.132000000000,   0.08800,
,,,4.134000000000,   0.08000,
,,,4.136000000000,   0.07200,
,,,4.138000000000,   0.08000,
,,,4.140000000000,   0.08000,
,,,4.142000000000,   0.07200,
,,,4.144000000000,   0.07200,
,,,4.146000000000,   0.07200,
,,,4.148000000000,   0.07200,
,,,4.150000000000,   0.06400,
,,,4.152000000000,   0.08000,
,,,4.154000000000,   0.06400,
,,,4.156000000000,   0.07200,
,,,4.158000000000,   0.07200,
,,,4.160000000000,   0.06400,
,,,4.162000000000,   0.07200,
,,,4.164000000000,   0.07200,
,,,4.166000000000,   0.06400,
,,,4.168000000000,   0.06400,
,,,4.170000000000,   0.04800,
,,,4.172000000000,   0.04800,
,,,4.174000000000,   0.05600,
,,,4.176000000000,   0.06400,
,,,4.178000000000,   0.04000,
,,,4.180000000000,   0.04800,
,,,4.182000000000,   0.06400,
,,,4.184000000000,   0.04000,
,,,4.186000000000,   0.02400,
,,,4.188000000000,   0.02400,
,,,4.190000000000,   0.04000,
,,,4.192000000000,   0.04800,
,,,4.194000000000,   0.03200,
,,,4.196000000000,   0.04000,
,,,4.198000000000,   0.04000,
,,,4.200000000000,   0.05600,
,,,4.202000000000,   0.02400,
,,,4.204000000000,   0.04800,
,,,4.206000000000,   0.02400,
,,,4.208000000000,   0.03200,
,,,4.210000000000,   0.03200,
,,,4.212000000000,   0.03200,
,,,4.214000000000,   0.02400,
,,,4.216000000000,   0.01600,
,,,4.218000000000,   0.03200,
,,,4.220000000000,   0.04800,
,,,4.222000000000,   0.04800,
,,,4.224000000000,   0.03200,
,,,4.226000000000,   0.03200,
,,,4.228000000000,   0.02400,
,,,4.230000000000,   0.00800,
,,,4.232000000000,   0.03200,
,,,4.234000000000,   0.01600,
,,,4.236000000000,   0.02400,
,,,4.238000000000,   0.04000,
,,,4.240000000000,   0.01600,
,,,4.242000000000,   0.00800,
,,,4.244000000000,   0.02400,
,,,4.246000000000,   0.04000,
,,,4.248000000000,   0.04000,
,,,4.250000000000,   0.02400,
,,,4.252000000000,   0.01600,
,,,4.254000000000,   0.00800,
,,,4.256000000000,   0.02400,
,,,4.258000000000,   0.02400,
,,,4.260000000000,   0.00800,
,,,4.262000000000,   0.02400,
,,,4.264000000000,   0.02400,
,,,4.266000000000,   0.03200,
,,,4.268000000000,   0.00800,
,,,4.270000000000,   0.04000,
,,,4.272000000000,  -0.00800,
,,,4.274000000000,   0.01600,
,,,4.276000000000,   0.01600,
,,,4.278000000000,  -0.00800,
,,,4.280000000000,  -0.00800,
,,,4.282000000000,   0.02400,
,,,4.284000000000,   0.00800,
,,,4.286000000000,   0.01600,
,,,4.288000000000,   0.00800,
,,,4.290000000000,   0.01600,
,,,4.292000000000,   0.03200,
,,,4.294000000000,   0.03200,
,,,4.296000000000,   0.00800,
,,,4.298000000000,   0.02400,
,,,4.300000000000,   0.00800,
,,,4.302000000000,   0.02400,
,,,4.304000000000,   0.00800,
,,,4.306000000000,   0.02400,
,,,4.308000000000,   0.02400,
,,,4.310000000000,   0.00800,
,,,4.312000000000,   0.00800,
,,,4.314000000000,   0.01600,
,,,4.316000000000,   0.02400,
,,,4.318000000000,   0.01600,
,,,4.320000000000,   0.03200,
,,,4.322000000000,   0.00800,
,,,4.324000000000,   0.02400,
,,,4.326000000000,   0.02400,
,,,4.328000000000,   0.01600,
,,,4.330000000000,   0.01600,
,,,4.332000000000,   0.00800,
,,,4.334000000000,   0.02400,
,,,4.336000000000,   0.00000,
,,,4.338000000000,   0.03200,
,,,4.340000000000,   0.01600,
,,,4.342000000000,   0.01600,
,,,4.344000000000,   0.03200,
,,,4.346000000000,   0.01600,
,,,4.348000000000,   0.00000,
,,,4.350000000000,  -0.00800,
,,,4.352000000000,   0.00800,
,,,4.354000000000,   0.00000,
,,,4.356000000000,   0.02400,
,,,4.358000000000,  -0.00800,
,,,4.360000000000,   0.01600,
,,,4.362000000000,   0.00800,
,,,4.364000000000,   0.03200,
,,,4.366000000000,   0.01600,
,,,4.368000000000,   0.02400,
,,,4.370000000000,   0.00800,
,,,4.372000000000,   0.02400,
,,,4.374000000000,   0.03200,
,,,4.376000000000,   0.01600,
,,,4.378000000000,   0.00800,
,,,4.380000000000,   0.00800,
,,,4.382000000000,   0.00800,
,,,4.384000000000,   0.01600,
,,,4.386000000000,  -0.00800,
,,,4.388000000000,  -0.01600,
,,,4.390000000000,   0.00000,
,,,4.392000000000,   0.00800,
,,,4.394000000000,   0.00000,
,,,4.396000000000,   0.00000,
,,,4.398000000000,   0.00000,
,,,4.400000000000,   0.00800,
,,,4.402000000000,   0.00800,
,,,4.404000000000,  -0.00800,
,,,4.406000000000,  -0.00800,
,,,4.408000000000,   0.01600,
,,,4.410000000000,   0.00800,
,,,4.412000000000,   0.00800,
,,,4.414000000000,   0.00000,
,,,4.416000000000,   0.00800,
,,,4.418000000000,   0.00800,
,,,4.420000000000,   0.00800,
,,,4.422000000000,   0.00000,
,,,4.424000000000,   0.02400,
,,,4.426000000000,   0.00000,
,,,4.428000000000,   0.01600,
,,,4.430000000000,  -0.00800,
,,,4.432000000000,   0.01600,
,,,4.434000000000,   0.00000,
,,,4.436000000000,   0.00800,
,,,4.438000000000,   0.02400,
,,,4.440000000000,   0.02400,
,,,4.442000000000,   0.00800,
,,,4.444000000000,   0.00800,
,,,4.446000000000,   0.00800,
,,,4.448000000000,   0.00000,
,,,4.450000000000,   0.02400,
,,,4.452000000000,   0.00800,
,,,4.454000000000,   0.00800,
,,,4.456000000000,   0.01600,
,,,4.458000000000,   0.00000,
,,,4.460000000000,   0.00000,
,,,4.462000000000,   0.02400,
,,,4.464000000000,   0.02400,
,,,4.466000000000,  -0.00800,
,,,4.468000000000,  -0.00800,
,,,4.470000000000,   0.00800,
,,,4.472000000000,  -0.00800,
,,,4.474000000000,   0.00000,
,,,4.476000000000,  -0.00800,
,,,4.478000000000,   0.00000,
,,,4.480000000000,   0.00000,
,,,4.482000000000,   0.01600,
,,,4.484000000000,   0.01600,
,,,4.486000000000,   0.01600,
,,,4.488000000000,  -0.02400,
,,,4.490000000000,   0.00800,
,,,4.492000000000,   0.00800,
,,,4.494000000000,   0.01600,
,,,4.496000000000,   0.00000,
,,,4.498000000000,   0.00800,
,,,4.500000000000,   0.00800,
,,,4.502000000000,   0.01600,
,,,4.504000000000,   0.00000,
,,,4.506000000000,   0.00800,
,,,4.508000000000,   0.00000,
,,,4.510000000000,   0.00000,
,,,4.512000000000,   0.01600,
,,,4.514000000000,   0.00000,
,,,4.516000000000,   0.01600,
,,,4.518000000000,  -0.00800,
,,,4.520000000000,   0.00000,
,,,4.522000000000,   0.00000,
,,,4.524000000000,   0.00000,
,,,4.526000000000,  -0.01600,
,,,4.528000000000,   0.01600,
,,,4.530000000000,   0.00800,
,,,4.532000000000,   0.02400,
,,,4.534000000000,   0.00800,
,,,4.536000000000,  -0.01600,
,,,4.538000000000,   0.02400,
,,,4.540000000000,   0.00800,
,,,4.542000000000,   0.02400,
,,,4.544000000000,   0.01600,
,,,4.546000000000,   0.01600,
,,,4.548000000000,  -0.00800,
,,,4.550000000000,   0.02400,
,,,4.552000000000,   0.00800,
,,,4.554000000000,   0.00000,
,,,4.556000000000,  -0.00800,
,,,4.558000000000,   0.02400,
,,,4.560000000000,   0.00800,
,,,4.562000000000,  -0.00800,
,,,4.564000000000,  -0.00800,
,,,4.566000000000,   0.02400,
,,,4.568000000000,  -0.00800,
,,,4.570000000000,   0.02400,
,,,4.572000000000,   0.00800,
,,,4.574000000000,   0.01600,
,,,4.576000000000,   0.00800,
,,,4.578000000000,   0.00000,
,,,4.580000000000,   0.00000,
,,,4.582000000000,   0.00000,
,,,4.584000000000,   0.00000,
,,,4.586000000000,   0.00000,
,,,4.588000000000,   0.00000,
,,,4.590000000000,   0.02400,
,,,4.592000000000,   0.00000,
,,,4.594000000000,   0.00800,
,,,4.596000000000,   0.02400,
,,,4.598000000000,   0.00000,
,,,4.600000000000,   0.00000,
,,,4.602000000000,   0.01600,
,,,4.604000000000,   0.00800,
,,,4.606000000000,   0.00800,
,,,4.608000000000,  -0.00800,
,,,4.610000000000,   0.00000,
,,,4.612000000000,   0.01600,
,,,4.614000000000,   0.01600,
,,,4.616000000000,  -0.00800,
,,,4.618000000000,   0.00000,
,,,4.620000000000,   0.00800,
,,,4.622000000000,   0.00000,
,,,4.624000000000,   0.02400,
,,,4.626000000000,   0.01600,
,,,4.628000000000,   0.00800,
,,,4.630000000000,  -0.00800,
,,,4.632000000000,  -0.00800,
,,,4.634000000000,   0.00000,
,,,4.636000000000,   0.00000,
,,,4.638000000000,   0.00800,
,,,4.640000000000,   0.01600,
,,,4.642000000000,   0.00000,
,,,4.644000000000,   0.02400,
,,,4.646000000000,   0.00000,
,,,4.648000000000,  -0.01600,
,,,4.650000000000,  -0.01600,
,,,4.652000000000,   0.00000,
,,,4.654000000000,   0.00800,
,,,4.656000000000,   0.00800,
,,,4.658000000000,  -0.01600,
,,,4.660000000000,   0.01600,
,,,4.662000000000,   0.00000,
,,,4.664000000000,   0.00000,
,,,4.666000000000,   0.00000,
,,,4.668000000000,   0.00800,
,,,4.670000000000,   0.02400,
,,,4.672000000000,  -0.00800,
,,,4.674000000000,   0.00000,
,,,4.676000000000,  -0.00800,
,,,4.678000000000,  -0.00800,
,,,4.680000000000,   0.01600,
,,,4.682000000000,  -0.00800,
,,,4.684000000000,   0.02400,
,,,4.686000000000,  -0.00800,
,,,4.688000000000,   0.00800,
,,,4.690000000000,   0.00800,
,,,4.692000000000,   0.00800,
,,,4.694000000000,   0.00000,
,,,4.696000000000,   0.02400,
,,,4.698000000000,   0.00800,
,,,4.700000000000,   0.00000,
,,,4.702000000000,   0.00800,
,,,4.704000000000,   0.00800,
,,,4.706000000000,   0.00000,
,,,4.708000000000,   0.00000,
,,,4.710000000000,   0.00000,
,,,4.712000000000,   0.00800,
,,,4.714000000000,   0.00800,
,,,4.716000000000,   0.01600,
,,,4.718000000000,   0.00000,
,,,4.720000000000,   0.00800,
,,,4.722000000000,  -0.00800,
,,,4.724000000000,   0.00800,
,,,4.726000000000,   0.00000,
,,,4.728000000000,  -0.00800,
,,,4.730000000000,  -0.00800,
,,,4.732000000000,   0.00800,
,,,4.734000000000,   0.00000,
,,,4.736000000000,   0.03200,
,,,4.738000000000,   0.00800,
,,,4.740000000000,   0.00800,
,,,4.742000000000,   0.02400,
,,,4.744000000000,   0.00000,
,,,4.746000000000,   0.00800,
,,,4.748000000000,   0.00000,
,,,4.750000000000,   0.00000,
,,,4.752000000000,  -0.00800,
,,,4.754000000000,   0.02400,
,,,4.756000000000,   0.00000,
,,,4.758000000000,   0.00800,
,,,4.760000000000,  -0.00800,
,,,4.762000000000,   0.00800,
,,,4.764000000000,  -0.00800,
,,,4.766000000000,   0.00000,
,,,4.768000000000,   0.00000,
,,,4.770000000000,   0.00800,
,,,4.772000000000,   0.00000,
,,,4.774000000000,   0.00800,
,,,4.776000000000,   0.01600,
,,,4.778000000000,   0.01600,
,,,4.780000000000,  -0.02400,
,,,4.782000000000,   0.00000,
,,,4.784000000000,   0.00000,
,,,4.786000000000,   0.00000,
,,,4.788000000000,   0.00000,
,,,4.790000000000,   0.00800,
,,,4.792000000000,   0.00800,
,,,4.794000000000,   0.00000,
,,,4.796000000000,   0.02400,
,,,4.798000000000,   0.00800,
,,,4.800000000000,   0.00800,
,,,4.802000000000,   0.00800,
,,,4.804000000000,  -0.00800,
,,,4.806000000000,   0.00000,
,,,4.808000000000,   0.00800,
,,,4.810000000000,   0.00800,
,,,4.812000000000,   0.00000,
,,,4.814000000000,   0.02400,
,,,4.816000000000,   0.00000,
,,,4.818000000000,   0.00000,
,,,4.820000000000,  -0.00800,
,,,4.822000000000,   0.00800,
,,,4.824000000000,   0.00800,
,,,4.826000000000,   0.01600,
,,,4.828000000000,   0.03200,
,,,4.830000000000,   0.02400,
,,,4.832000000000,  -0.02400,
,,,4.834000000000,   0.01600,
,,,4.836000000000,  -0.00800,
,,,4.838000000000,   0.00000,
,,,4.840000000000,   0.00800,
,,,4.842000000000,   0.00800,
,,,4.844000000000,  -0.00800,
,,,4.846000000000,  -0.00800,
,,,4.848000000000,  -0.00800,
,,,4.850000000000,   0.01600,
,,,4.852000000000,  -0.00800,
,,,4.854000000000,   0.00800,
,,,4.856000000000,   0.00800,
,,,4.858000000000,   0.01600,
,,,4.860000000000,   0.02400,
,,,4.862000000000,  -0.00800,
,,,4.864000000000,   0.00800,
,,,4.866000000000,   0.00000,
,,,4.868000000000,   0.02400,
,,,4.870000000000,   0.00000,
,,,4.872000000000,  -0.00800,
,,,4.874000000000,   0.01600,
,,,4.876000000000,  -0.01600,
,,,4.878000000000,  -0.00800,
,,,4.880000000000,   0.01600,
,,,4.882000000000,  -0.00800,
,,,4.884000000000,   0.00000,
,,,4.886000000000,  -0.01600,
,,,4.888000000000,   0.00800,
,,,4.890000000000,   0.00000,
,,,4.892000000000,   0.00800,
,,,4.894000000000,   0.00800,
,,,4.896000000000,  -0.02400,
,,,4.898000000000,   0.00800,
,,,4.900000000000,   0.01600,
,,,4.902000000000,   0.00800,
,,,4.904000000000,   0.00000,
,,,4.906000000000,   0.00000,
,,,4.908000000000,   0.02400,
,,,4.910000000000,   0.00000,
,,,4.912000000000,   0.00800,
,,,4.914000000000,   0.00000,
,,,4.916000000000,   0.00000,
,,,4.918000000000,   0.00800,
,,,4.920000000000,   0.00800,
,,,4.922000000000,   0.00000,
,,,4.924000000000,   0.02400,
,,,4.926000000000,  -0.00800,
,,,4.928000000000,   0.00800,
,,,4.930000000000,   0.00800,
,,,4.932000000000,  -0.00800,
,,,4.934000000000,   0.00800,
,,,4.936000000000,   0.00000,
,,,4.938000000000,   0.02400,
,,,4.940000000000,   0.00000,
,,,4.942000000000,   0.00000,
,,,4.944000000000,   0.01600,
,,,4.946000000000,   0.00800,
,,,4.948000000000,   0.01600,
,,,4.950000000000,   0.01600,
,,,4.952000000000,   0.00000,
,,,4.954000000000,   0.01600,
,,,4.956000000000,  -0.02400,
,,,4.958000000000,   0.01600,
,,,4.960000000000,   0.00000,
,,,4.962000000000,   0.00000,
,,,4.964000000000,   0.00800,
,,,4.966000000000,   0.02400,
,,,4.968000000000,  -0.01600,
,,,4.970000000000,   0.00800,
,,,4.972000000000,   0.00000,
,,,4.974000000000,   0.00000,
,,,4.976000000000,   0.00000,
,,,4.978000000000,  -0.00800,
,,,4.980000000000,   0.00000,
,,,4.982000000000,   0.00800,
,,,4.984000000000,   0.00000,
,,,4.986000000000,   0.01600,
,,,4.988000000000,   0.00800,
,,,4.990000000000,  -0.00800,
,,,4.992000000000,  -0.00800,
,,,4.994000000000,   0.00800,
,,,4.996000000000,   0.01600,
,,,4.998000000000,  -0.00800,
,,,5.000000000000,  -0.46400,
,,,5.002000000000,  -0.44800,
,,,5.004000000000,  -0.44800,
,,,5.006000000000,  -0.40000,
,,,5.008000000000,  -0.39200,
,,,5.010000000000,  -0.38400,
,,,5.012000000000,  -0.40800,
,,,5.014000000000,  -0.38400,
,,,5.016000000000,  -0.37600,
,,,5.018000000000,  -0.33600,
,,,5.020000000000,  -0.34400,
,,,5.022000000000,  -0.35200,
,,,5.024000000000,  -0.32000,
,,,5.026000000000,  -0.32000,
,,,5.028000000000,  -0.29600,
,,,5.030000000000,  -0.29600,
,,,5.032000000000,  -0.30400,
,,,5.034000000000,  -0.27200,
,,,5.036000000000,  -0.29600,
,,,5.038000000000,  -0.28000,
,,,5.040000000000,  -0.25600,
,,,5.042000000000,  -0.24800,
,,,5.044000000000,  -0.25600,
,,,5.046000000000,  -0.25600,
,,,5.048000000000,  -0.25600,
,,,5.050000000000,  -0.24000,
,,,5.052000000000,  -0.24000,
,,,5.054000000000,  -0.21600,
,,,5.056000000000,  -0.21600,
,,,5.058000000000,  -0.21600,
,,,5.060000000000,  -0.21600,
,,,5.062000000000,  -0.20800,
,,,5.064000000000,  -0.18400,
,,,5.066000000000,  -0.20000,
,,,5.068000000000,  -0.18400,
,,,5.070000000000,  -0.20000,
,,,5.072000000000,  -0.16000,
,,,5.074000000000,  -0.17600,
,,,5.076000000000,  -0.16800,
,,,5.078000000000,  -0.19200,
,,,5.080000000000,  -0.16000,
,,,5.082000000000,  -0.13600,
,,,5.084000000000,  -0.14400,
,,,5.086000000000,  -0.14400,
,,,5.088000000000,  -0.13600,
,,,5.090000000000,  -0.13600,
,,,5.092000000000,  -0.16000,
,,,5.094000000000,  -0.16000,
,,,5.096000000000,  -0.11200,
,,,5.098000000000,  -0.14400,
,,,5.100000000000,  -0.12000,
,,,5.102000000000,  -0.11200,
,,,5.104000000000,  -0.11200,
,,,5.106000000000,  -0.12800,
,,,5.108000000000,  -0.11200,
,,,5.110000000000,  -0.11200,
,,,5.112000000000,  -0.11200,
,,,5.114000000000,  -0.09600,
,,,5.116000000000,  -0.06400,
,,,5.118000000000,  -0.09600,
,,,5.120000000000,  -0.10400,
,,,5.122000000000,  -0.11200,
,,,5.124000000000,  -0.08800,
,,,5.126000000000,  -0.09600,
,,,5.128000000000,  -0.08000,
,,,5.130000000000,  -0.08000,
,,,5.132000000000,  -0.07200,
,,,5.134000000000,  -0.10400,
,,,5.136000000000,  -0.07200,
,,,5.138000000000,  -0.06400,
,,,5.140000000000,  -0.05600,
,,,5.142000000000,  -0.07200,
,,,5.144000000000,  -0.07200,
,,,5.146000000000,  -0.07200,
,,,5.148000000000,  -0.08000,
,,,5.150000000000,  -0.04000,
,,,5.152000000000,  -0.06400,
,,,5.154000000000,  -0.06400,
,,,5.156000000000,  -0.04800,
,,,5.158000000000,  -0.08000,
,,,5.160000000000,  -0.04000,
,,,5.162000000000,  -0.05600,
,,,5.164000000000,  -0.06400,
,,,5.166000000000,  -0.04800,
,,,5.168000000000,  -0.04800,
,,,5.170000000000,  -0.04000,
,,,5.172000000000,  -0.05600,
,,,5.174000000000,  -0.06400,
,,,5.176000000000,  -0.04000,
,,,5.178000000000,  -0.04800,
,,,5.180000000000,  -0.04000,
,,,5.182000000000,  -0.04000,
,,,5.184000000000,  -0.05600,
,,,5.186000000000,  -0.04800,
,,,5.188000000000,  -0.04000,
,,,5.190000000000,  -0.04800,
,,,5.192000000000,  -0.04800,
,,,5.194000000000,  -0.02400,
,,,5.196000000000,  -0.02400,
,,,5.198000000000,  -0.02400,
,,,5.200000000000,  -0.03200,
,,,5.202000000000,  -0.04000,
,,,5.204000000000,  -0.03200,
,,,5.206000000000,  -0.02400,
,,,5.208000000000,  -0.04800,
,,,5.210000000000,  -0.02400,
,,,5.212000000000,  -0.03200,
,,,5.214000000000,  -0.01600,
,,,5.216000000000,  -0.02400,
,,,5.218000000000,  -0.03200,
,,,5.220000000000,  -0.02400,
,,,5.222000000000,  -0.00800,
,,,5.224000000000,  -0.01600,
,,,5.226000000000,  -0.01600,
,,,5.228000000000,  -0.02400,
,,,5.230000000000,  -0.02400,
,,,5.232000000000,  -0.02400,
,,,5.234000000000,  -0.02400,
,,,5.236000000000,  -0.01600,
,,,5.238000000000,  -0.01600,
,,,5.240000000000,  -0.04000,
,,,5.242000000000,  -0.02400,
,,,5.244000000000,  -0.02400,
,,,5.246000000000,  -0.03200,
,,,5.248000000000,  -0.02400,
,,,5.250000000000,  -0.00800,
,,,5.252000000000,  -0.02400,
,,,5.254000000000,   0.00000,
,,,5.256000000000,  -0.04000,
,,,5.258000000000,   0.00000,
,,,5.260000000000,  -0.01600,
,,,5.262000000000,  -0.01600,
,,,5.264000000000,  -0.00800,
,,,5.266000000000,  -0.02400,
,,,5.268000000000,  -0.03200,
,,,5.270000000000,  -0.00800,
,,,5.272000000000,   0.00000,
,,,5.274000000000,  -0.01600,
,,,5.276000000000,  -0.01600,
,,,5.278000000000,  -0.01600,
,,,5.280000000000,   0.00000,
,,,5.282000000000,  -0.01600,
,,,5.284000000000,  -0.02400,
,,,5.286000000000,  -0.03200,
,,,5.288000000000,  -0.02400,
,,,5.290000000000,  -0.01600,
,,,5.292000000000,  -0.00800,
,,,5.294000000000,   0.00000,
,,,5.296000000000,   0.00000,
,,,5.298000000000,  -0.01600,
,,,5.300000000000,   0.00000,
,,,5.302000000000,  -0.00800,
,,,5.304000000000,  -0.00800,
,,,5.306000000000,  -0.00800,
,,,5.308000000000,  -0.00800,
,,,5.310000000000,  -0.00800,
,,,5.312000000000,  -0.02400,
,,,5.314000000000,  -0.00800,
,,,5.316000000000,  -0.00800,
,,,5.318000000000,   0.00000,
,,,5.320000000000,  -0.00800,
,,,5.322000000000,   0.00000,
,,,5.324000000000,  -0.01600,
,,,5.326000000000,   0.00000,
,,,5.328000000000,  -0.02400,
,,,5.330000000000,  -0.03200,
,,,5.332000000000,  -0.00800,
,,,5.334000000000,   0.00000,
,,,5.336000000000,   0.00000,
,,,5.338000000000,   0.00000,
,,,5.340000000000,  -0.00800,
,,,5.342000000000,  -0.00800,
,,,5.344000000000,  -0.00800,
,,,5.346000000000,   0.00000,
,,,5.348000000000,   0.00800,
,,,5.350000000000,   0.00800,
,,,5.352000000000,   0.02400,
,,,5.354000000000,   0.00800,
,,,5.356000000000,  -0.01600,
,,,5.358000000000,   0.00000,
,,,5.360000000000,  -0.01600,
,,,5.362000000000,  -0.00800,
,,,5.364000000000,   0.00800,
,,,5.366000000000,   0.00000,
,,,5.368000000000,   0.00800,
,,,5.370000000000,  -0.02400,
,,,5.372000000000,  -0.01600,
,,,5.374000000000,  -0.00800,
,,,5.376000000000,   0.00800,
,,,5.378000000000,   0.00000,
,,,5.380000000000,   0.00000,
,,,5.382000000000,  -0.00800,
,,,5.384000000000,  -0.00800,
,,,5.386000000000,   0.00800,
,,,5.388000000000,  -0.01600,
,,,5.390000000000,  -0.01600,
,,,5.392000000000,  -0.01600,
,,,5.394000000000,   0.00000,
,,,5.396000000000,  -0.00800,
,,,5.398000000000,   0.00000,
,,,5.400000000000,  -0.00800,
,,,5.402000000000,   0.00000,
,,,5.404000000000,  -0.02400,
,,,5.406000000000,   0.00800,
,,,5.408000000000,   0.02400,
,,,5.410000000000,   0.00800,
,,,5.412000000000,   0.01600,
,,,5.414000000000,   0.00000,
,,,5.416000000000,   0.00000,
,,,5.418000000000,   0.00000,
,,,5.420000000000,   0.00000,
,,,5.422000000000,   0.02400,
,,,5.424000000000,   0.01600,
,,,5.426000000000,   0.00000,
,,,5.428000000000,   0.03200,
,,,5.430000000000,   0.00000,
,,,5.432000000000,   0.00000,
,,,5.434000000000,   0.00800,
,,,5.436000000000,   0.00000,
,,,5.438000000000,  -0.02400,
,,,5.440000000000,   0.00800,
,,,5.442000000000,   0.00000,
,,,5.444000000000,  -0.01600,
,,,5.446000000000,   0.00000,
,,,5.448000000000,   0.00800,
,,,5.450000000000,   0.01600,
,,,5.452000000000,  -0.01600,
,,,5.454000000000,   0.00800,
,,,5.456000000000,  -0.01600,
,,,5.458000000000,   0.00000,
,,,5.460000000000,   0.00800,
,,,5.462000000000,   0.00800,
,,,5.464000000000,   0.01600,
,,,5.466000000000,   0.00800,
,,,5.468000000000,  -0.01600,
,,,5.470000000000,  -0.00800,
,,,5.472000000000,   0.00000,
,,,5.474000000000,  -0.00800,
,,,5.476000000000,   0.00000,
,,,5.478000000000,   0.00800,
,,,5.480000000000,   0.00800,
,,,5.482000000000,   0.00000,
,,,5.484000000000,  -0.00800,
,,,5.486000000000,   0.00000,
,,,5.488000000000,  -0.00800,
,,,5.490000000000,   0.00000,
,,,5.492000000000,   0.02400,
,,,5.494000000000,   0.00800,
,,,5.496000000000,  -0.00800,
,,,5.498000000000,   0.00800,
,,,5.500000000000,   0.00800,
,,,5.502000000000,  -0.00800,
,,,5.504000000000,   0.00800,
,,,5.506000000000,   0.02400,
,,,5.508000000000,   0.00000,
,,,5.510000000000,   0.01600,
,,,5.512000000000,   0.01600,
,,,5.514000000000,  -0.00800,
,,,5.516000000000,  -0.01600,
,,,5.518000000000,   0.00800,
,,,5.520000000000,   0.00000,
,,,5.522000000000,   0.00000,
,,,5.524000000000,   0.00000,
,,,5.526000000000,   0.00000,
,,,5.528000000000,  -0.01600,
,,,5.530000000000,  -0.01600,
,,,5.532000000000,   0.00800,
,,,5.534000000000,   0.00000,
,,,5.536000000000,  -0.00800,
,,,5.538000000000,  -0.00800,
,,,5.540000000000,   0.02400,
,,,5.542000000000,  -0.00800,
,,,5.544000000000,   0.00000,
,,,5.546000000000,  -0.00800,
,,,5.548000000000,   0.00000,
,,,5.550000000000,   0.00800,
,,,5.552000000000,   0.00000,
,,,5.554000000000,   0.00800,
,,,5.556000000000,  -0.01600,
,,,5.558000000000,   0.00000,
,,,5.560000000000,   0.00000,
,,,5.562000000000,   0.00000,
,,,5.564000000000,   0.00000,
,,,5.566000000000,   0.01600,
,,,5.568000000000,   0.00800,
,,,5.570000000000,   0.02400,
,,,5.572000000000,   0.01600,
,,,5.574000000000,   0.00000,
,,,5.576000000000,   0.00000,
,,,5.578000000000,  -0.00800,
,,,5.580000000000,   0.00000,
,,,5.582000000000,   0.01600,
,,,5.584000000000,   0.00000,
,,,5.586000000000,   0.00800,
,,,5.588000000000,   0.00800,
,,,5.590000000000,   0.00800,
,,,5.592000000000,  -0.01600,
,,,5.594000000000,   0.00000,
,,,5.596000000000,   0.00800,
,,,5.598000000000,  -0.01600,
,,,5.600000000000,   0.00000,
,,,5.602000000000,   0.00000,
,,,5.604000000000,  -0.00800,
,,,5.606000000000,   0.00800,
,,,5.608000000000,  -0.00800,
,,,5.610000000000,  -0.01600,
,,,5.612000000000,   0.00000,
,,,5.614000000000,   0.00800,
,,,5.616000000000,   0.00000,
,,,5.618000000000,   0.00000,
,,,5.620000000000,  -0.02400,
,,,5.622000000000,  -0.00800,
,,,5.624000000000,  -0.00800,
,,,5.626000000000,   0.00800,
,,,5.628000000000,  -0.01600,
,,,5.630000000000,  -0.00800,
,,,5.632000000000,  -0.00800,
,,,5.634000000000,  -0.00800,
,,,5.636000000000,   0.00000,
,,,5.638000000000,   0.00000,
,,,5.640000000000,   0.00000,
,,,5.642000000000,   0.00000,
,,,5.644000000000,  -0.01600,
,,,5.646000000000,   0.02400,
,,,5.648000000000,   0.00000,
,,,5.650000000000,  -0.02400,
,,,5.652000000000,   0.00000,
,,,5.654000000000,   0.00000,
,,,5.656000000000,   0.02400,
,,,5.658000000000,   0.00000,
,,,5.660000000000,   0.00800,
,,,5.662000000000,   0.01600,
,,,5.664000000000,   0.02400,
,,,5.666000000000,  -0.00800,
,,,5.668000000000,   0.02400,
,,,5.670000000000,   0.00000,
,,,5.672000000000,   0.00000,
,,,5.674000000000,  -0.01600,
,,,5.676000000000,  -0.01600,
,,,5.678000000000,  -0.00800,
,,,5.680000000000,   0.00000,
,,,5.682000000000,  -0.00800,
,,,5.684000000000,  -0.00800,
,,,5.686000000000,   0.01600,
,,,5.688000000000,  -0.01600,
,,,5.690000000000,   0.00000,
,,,5.692000000000,   0.01600,
,,,5.694000000000,   0.00000,
,,,5.696000000000,   0.00000,
,,,5.698000000000,  -0.01600,
,,,5.700000000000,   0.00800,
,,,5.702000000000,  -0.00800,
,,,5.704000000000,  -0.00800,
,,,5.706000000000,   0.00800,
,,,5.708000000000,   0.00000,
,,,5.710000000000,   0.01600,
,,,5.712000000000,  -0.00800,
,,,5.714000000000,  -0.00800,
,,,5.716000000000,  -0.00800,
,,,5.718000000000,   0.00800,
,,,5.720000000000,   0.00000,
,,,5.722000000000,  -0.01600,
,,,5.724000000000,  -0.00800,
,,,5.726000000000,   0.00800,
,,,5.728000000000,   0.00800,
,,,5.730000000000,   0.00800,
,,,5.732000000000,   0.00000,
,,,5.734000000000,   0.00800,
,,,5.736000000000,   0.00800,
,,,5.738000000000,   0.00000,
,,,5.740000000000,   0.00800,
,,,5.742000000000,   0.00000,
,,,5.744000000000,  -0.00800,
,,,5.746000000000,  -0.00800,
,,,5.748000000000,  -0.01600,
,,,5.750000000000,   0.00000,
,,,5.752000000000,   0.00800,
,,,5.754000000000,   0.00800,
,,,5.756000000000,   0.02400,
,,,5.758000000000,   0.00800,
,,,5.760000000000,   0.00800,
,,,5.762000000000,  -0.01600,
,,,5.764000000000,   0.00000,
,,,5.766000000000,   0.02400,
,,,5.768000000000,  -0.00800,
,,,5.770000000000,   0.01600,
,,,5.772000000000,   0.00000,
,,,5.774000000000,   0.00000,
,,,5.776000000000,   0.00800,
,,,5.778000000000,   0.00000,
,,,5.780000000000,  -0.00800,
,,,5.782000000000,  -0.00800,
,,,5.784000000000,   0.00000,
,,,5.786000000000,   0.00800,
,,,5.788000000000,   0.00000,
,,,5.790000000000,   0.00000,
,,,5.792000000000,  -0.00800,
,,,5.794000000000,   0.02400,
,,,5.796000000000,   0.00000,
,,,5.798000000000,   0.00000,
,,,5.800000000000,   0.00000,
,,,5.802000000000,  -0.00800,
,,,5.804000000000,  -0.00800,
,,,5.806000000000,  -0.00800,
,,,5.808000000000,  -0.00800,
,,,5.810000000000,   0.00800,
,,,5.812000000000,   0.00000,
,,,5.814000000000,   0.01600,
,,,5.816000000000,  -0.00800,
,,,5.818000000000,  -0.00800,
,,,5.820000000000,  -0.00800,
,,,5.822000000000,   0.01600,
,,,5.824000000000,  -0.00800,
,,,5.826000000000,   0.01600,
,,,5.828000000000,  -0.00800,
,,,5.830000000000,  -0.00800,
,,,5.832000000000,   0.00000,
,,,5.834000000000,   0.00800,
,,,5.836000000000,  -0.00800,
,,,5.838000000000,  -0.00800,
,,,5.840000000000,  -0.01600,
,,,5.842000000000,   0.00000,
,,,5.844000000000,   0.00800,
,,,5.846000000000,  -0.01600,
,,,5.848000000000,   0.00800,
,,,5.850000000000,   0.00000,
,,,5.852000000000,   0.00800,
,,,5.854000000000,   0.00000,
,,,5.856000000000,   0.00000,
,,,5.858000000000,  -0.00800,
,,,5.860000000000,   0.01600,
,,,5.862000000000,   0.01600,
,,,5.864000000000,   0.00800,
,,,5.866000000000,   0.02400,
,,,5.868000000000,   0.01600,
,,,5.870000000000,  -0.00800,
,,,5.872000000000,  -0.00800,
,,,5.874000000000,   0.00000,
,,,5.876000000000,  -0.02400,
,,,5.878000000000,  -0.01600,
,,,5.880000000000,   0.00800,
,,,5.882000000000,   0.02400,
,,,5.884000000000,   0.00000,
,,,5.886000000000,   0.00800,
,,,5.888000000000,   0.02400,
,,,5.890000000000,   0.00000,
,,,5.892000000000,   0.00000,
,,,5.894000000000,   0.00000,
,,,5.896000000000,   0.00800,
,,,5.898000000000,  -0.00800,
,,,5.900000000000,   0.00000,
,,,5.902000000000,  -0.01600,
,,,5.904000000000,   0.02400,
,,,5.906000000000,   0.00000,
,,,5.908000000000,   0.00800,
,,,5.910000000000,   0.00000,
,,,5.912000000000,   0.01600,
,,,5.914000000000,  -0.00800,
,,,5.916000000000,   0.02400,
,,,5.918000000000,   0.00800,
,,,5.920000000000,   0.00000,
,,,5.922000000000,  -0.01600,
,,,5.924000000000,  -0.00800,
,,,5.926000000000,   0.00000,
,,,5.928000000000,   0.00000,
,,,5.930000000000,  -0.01600,
,,,5.932000000000,   0.00800,
,,,5.934000000000,   0.00000,
,,,5.936000000000,  -0.01600,
,,,5.938000000000,  -0.00800,
,,,5.940000000000,  -0.01600,
,,,5.942000000000,   0.02400,
,,,5.944000000000,   0.00000,
,,,5.946000000000,  -0.00800,
,,,5.948000000000,  -0.00800,
,,,5.950000000000,  -0.01600,
,,,5.952000000000,   0.00000,
,,,5.954000000000,   0.00000,
,,,5.956000000000,   0.00800,
,,,5.958000000000,   0.02400,
,,,5.960000000000,   0.00800,
,,,5.962000000000,   0.00000,
,,,5.964000000000,   0.01600,
,,,5.966000000000,   0.00000,
,,,5.968000000000,   0.00000,
,,,5.970000000000,   0.01600,
,,,5.972000000000,   0.00000,
,,,5.974000000000,   0.00800,
,,,5.976000000000,   0.02400,
,,,5.978000000000,   0.00800,
,,,5.980000000000,  -0.00800,
,,,5.982000000000,   0.00000,
,,,5.984000000000,   0.00000,
,,,5.986000000000,   0.01600,
,,,5.988000000000,  -0.01600,
,,,5.990000000000,   0.01600,
,,,5.992000000000,   0.00000,
,,,5.994000000000,   0.02400,
,,,5.996000000000,  -0.00800,
,,,5.998000000000,   0.00000,
,,,6.000000000000,   0.47200,
,,,6.002000000000,   0.44800,
,,,6.004000000000,   0.44000,
,,,6.006000000000,   0.43200,
,,,6.008000000000,   0.42400,
,,,6.010000000000,   0.40000,
,,,6.012000000000,   0.40800,
,,,6.014000000000,   0.36800,
,,,6.016000000000,   0.36800,
,,,6.018000000000,   0.36000,
,,,6.020000000000,   0.34400,
,,,6.022000000000,   0.32800,
,,,6.024000000000,   0.35200,
,,,6.026000000000,   0.33600,
,,,6.028000000000,   0.32000,
,,,6.030000000000,   0.32800,
,,,6.032000000000,   0.29600,
,,,6.034000000000,   0.29600,
,,,6.036000000000,   0.27200,
,,,6.038000000000,   0.27200,
,,,6.040000000000,   0.27200,
,,,6.042000000000,   0.24800,
,,,6.044000000000,   0.27200,
,,,6.046000000000,   0.28000,
,,,6.048000000000,   0.25600,
,,,6.050000000000,   0.24000,
,,,6.052000000000,   0.22400,
,,,6.054000000000,   0.24000,
,,,6.056000000000,   0.21600,
,,,6.058000000000,   0.21600,
,,,6.060000000000,   0.20800,
,,,6.062000000000,   0.20800,
,,,6.064000000000,   0.21600,
,,,6.066000000000,   0.21600,
,,,6.068000000000,   0.21600,
,,,6.070000000000,   0.20800,
,,,6.072000000000,   0.19200,
,,,6.074000000000,   0.18400,
,,,6.076000000000,   0.17600,
,,,6.078000000000,   0.16000,
,,,6.080000000000,   0.14400,
,,,6.082000000000,   0.18400,
,,,6.084000000000,   0.15200,
,,,6.086000000000,   0.15200,
,,,6.088000000000,   0.15200,
,,,6.090000000000,   0.13600,
,,,6.092000000000,   0.15200,
,,,6.094000000000,   0.16000,
,,,6.096000000000,   0.15200,
,,,6.098000000000,   0.11200,
,,,6.100000000000,   0.13600,
,,,6.102000000000,   0.11200,
,,,6.104000000000,   0.12000,
,,,6.106000000000,   0.12000,
,,,6.108000000000,   0.12000,
,,,6.110000000000,   0.11200,
,,,6.112000000000,   0.13600,
,,,6.114000000000,   0.10400,
,,,6.116000000000,   0.08800,
,,,6.118000000000,   0.11200,
,,,6.120000000000,   0.08000,
,,,6.122000000000,   0.08800,
,,,6.124000000000,   0.11200,
,,,6.126000000000,   0.07200,
,,,6.128000000000,   0.08800,
,,,6.130000000000,   0.09600,
,,,6.132000000000,   0.09600,
,,,6.134000000000,   0.07200,
,,,6.136000000000,   0.10400,
,,,6.138000000000,   0.08000,
,,,6.140000000000,   0.08000,
,,,6.142000000000,   0.08000,
,,,6.144000000000,   0.08000,
,,,6.146000000000,   0.09600,
,,,6.148000000000,   0.08800,
,,,6.150000000000,   0.07200,
,,,6.152000000000,   0.06400,
,,,6.154000000000,   0.08000,
,,,6.156000000000,   0.07200,
,,,6.158000000000,   0.07200,
,,,6.160000000000,   0.05600,
,,,6.162000000000,   0.07200,
,,,6.164000000000,   0.05600,
,,,6.166000000000,   0.04800,
,,,6.168000000000,   0.04000,
,,,6.170000000000,   0.04800,
,,,6.172000000000,   0.04800,
,,,6.174000000000,   0.05600,
,,,6.176000000000,   0.05600,
,,,6.178000000000,   0.04000,
,,,6.180000000000,   0.04800,
,,,6.182000000000,   0.06400,
,,,6.184000000000,   0.04800,
,,,6.186000000000,   0.04800,
,,,6.188000000000,   0.05600,
,,,6.190000000000,   0.04800,
,,,6.192000000000,   0.06400,
,,,6.194000000000,   0.02400,
,,,6.196000000000,   0.04800,
,,,6.198000000000,   0.04800,
,,,6.200000000000,   0.04800,
,,,6.202000000000,   0.03200,
,,,6.204000000000,   0.02400,
,,,6.206000000000,   0.04000,
,,,6.208000000000,   0.04000,
,,,6.210000000000,   0.04800,
,,,6.212000000000,   0.02400,
,,,6.214000000000,   0.02400,
,,,6.216000000000,   0.02400,
,,,6.218000000000,   0.02400,
,,,6.220000000000,   0.02400,
,,,6.222000000000,   0.02400,
,,,6.224000000000,   0.03200,
,,,6.226000000000,   0.02400,
,,,6.228000000000,   0.03200,
,,,6.230000000000,   0.03200,
,,,6.232000000000,   0.01600,
,,,6.234000000000,   0.02400,
,,,6.236000000000,   0.04000,
,,,6.238000000000,   0.02400,
,,,6.240000000000,   0.02400,
,,,6.242000000000,   0.02400,
,,,6.244000000000,   0.03200,
,,,6.246000000000,   0.03200,
,,,6.248000000000,   0.03200,
,,,6.250000000000,   0.01600,
,,,6.252000000000,   0.03200,
,,,6.254000000000,   0.04000,
,,,6.256000000000,   0.02400,
,,,6.258000000000,   0.02400,
,,,6.260000000000,   0.01600,
,,,6.262000000000,   0.02400,
,,,6.264000000000,   0.02400,
,,,6.266000000000,   0.03200,
,,,6.268000000000,   0.00800,
,,,6.270000000000,   0.01600,
,,,6.272000000000,  -0.00800,
,,,6.274000000000,   0.01600,
,,,6.276000000000,   0.02400,
,,,6.278000000000,   0.04800,
,,,6.280000000000,   0.00800,
,,,6.282000000000,   0.02400,
,,,6.284000000000,   0.00800,
,,,6.286000000000,   0.02400,
,,,6.288000000000,   0.00800,
,,,6.290000000000,   0.01600,
,,,6.292000000000,   0.02400,
,,,6.294000000000,   0.02400,
,,,6.296000000000,   0.03200,
,,,6.298000000000,   0.04000,
,,,6.300000000000,   0.02400,
,,,6.302000000000,   0.02400,
,,,6.304000000000,   0.02400,
,,,6.306000000000,   0.00800,
,,,6.308000000000,   0.00800,
,,,6.310000000000,   0.01600,
,,,6.312000000000,   0.02400,
,,,6.314000000000,   0.00800,
,,,6.316000000000,   0.00000,
,,,6.318000000000,   0.00800,
,,,6.320000000000,   0.02400,
,,,6.322000000000,   0.00800,
,,,6.324000000000,   0.00800,
,,,6.326000000000,   0.00800,
,,,6.328000000000,   0.03200,
,,,6.330000000000,   0.00800,
,,,6.332000000000,   0.01600,
,,,6.334000000000,  -0.01600,
,,,6.336000000000,   0.00800,
,,,6.338000000000,   0.03200,
,,,6.340000000000,   0.00800,
,,,6.342000000000,   0.00000,
,,,6.344000000000,   0.00800,
,,,6.346000000000,   0.00800,
,,,6.348000000000,   0.00800,
,,,6.350000000000,   0.01600,
,,,6.352000000000,   0.01600,
,,,6.354000000000,   0.00800,
,,,6.356000000000,   0.01600,
,,,6.358000000000,   0.01600,
,,,6.360000000000,   0.00000,
,,,6.362000000000,   0.02400,
,,,6.364000000000,   0.00000,
,,,6.366000000000,   0.01600,
,,,6.368000000000,   0.01600,
,,,6.370000000000,   0.00800,
,,,6.372000000000,  -0.00800,
,,,6.374000000000,  -0.01600,
,,,6.376000000000,   0.02400,
,,,6.378000000000,   0.00800,
,,,6.380000000000,   0.00000,
,,,6.382000000000,   0.00800,
,,,6.384000000000,  -0.00800,
,,,6.386000000000,   0.00800,
,,,6.388000000000,   0.00000,
,,,6.390000000000,   0.03200,
,,,6.392000000000,  -0.00800,
,,,6.394000000000,   0.00000,
,,,6.396000000000,   0.02400,
,,,6.398000000000,  -0.00800,
,,,6.400000000000,   0.00000,
,,,6.402000000000,   0.00000,
,,,6.404000000000,   0.02400,
,,,6.406000000000,   0.00000,
,,,6.408000000000,   0.01600,
,,,6.410000000000,   0.02400,
,,,6.412000000000,   0.00000,
,,,6.414000000000,   0.00800,
,,,6.416000000000,   0.03200,
,,,6.418000000000,   0.01600,
,,,6.420000000000,   0.00800,
,,,6.422000000000,   0.01600,
,,,6.424000000000,   0.00800,
,,,6.426000000000,   0.00800,
,,,6.428000000000,   0.00800,
,,,6.430000000000,   0.00000,
,,,6.432000000000,  -0.01600,
,,,6.434000000000,   0.00000,
,,,6.436000000000,  -0.00800,
,,,6.438000000000,   0.00800,
,,,6.440000000000,   0.00800,
,,,6.442000000000,   0.00800,
,,,6.444000000000,   0.01600,
,,,6.446000000000,   0.00800,
,,,6.448000000000,   0.00800,
,,,6.450000000000,   0.02400,
,,,6.452000000000,   0.00800,
,,,6.454000000000,   0.00000,
,,,6.456000000000,   0.00800,
,,,6.458000000000,   0.00000,
,,,6.460000000000,  -0.00800,
,,,6.462000000000,   0.00800,
,,,6.464000000000,   0.01600,
,,,6.466000000000,   0.00000,
,,,6.468000000000,   0.01600,
,,,6.470000000000,   0.00800,
,,,6.472000000000,  -0.02400,
,,,6.474000000000,   0.00800,
,,,6.476000000000,   0.00000,
,,,6.478000000000,  -0.00800,
,,,6.480000000000,   0.02400,
,,,6.482000000000,  -0.00800,
,,,6.484000000000,   0.00000,
,,,6.486000000000,   0.00000,
,,,6.488000000000,  -0.00800,
,,,6.490000000000,   0.01600,
,,,6.492000000000,  -0.00800,
,,,6.494000000000,  -0.00800,
,,,6.496000000000,   0.00800,
,,,6.498000000000,   0.00000,
,,,6.500000000000,  -0.00800,
,,,6.502000000000,   0.00000,
,,,6.504000000000,   0.02400,
,,,6.506000000000,  -0.02400,
