Record Length,2.500000e+03,,   3.500000000000,   0.00800,
Sample Interval,2.000000e-03,,   3.502000000000,   0.01600,
Trigger Point,-1.750000000000e+03,,   3.504000000000,   0.01600,
,,,   3.506000000000,   0.00000,
,,,   3.508000000000,   0.00000,
,,,   3.510000000000,   0.00800,
Source,CH1,,   3.512000000000,   0.02400,
Vertical Units,V,,   3.514000000000,  -0.00800,
Vertical Scale,2.000000e-01,,   3.516000000000,   0.00000,
Vertical Offset,0.000000e+00,,   3.518000000000,   0.01600,
Horizontal Units,s,,   3.520000000000,  -0.00800,
Horizontal Scale,5.000000e-01,,   3.522000000000,   0.00000,
Pt Fmt,Y,,   3.524000000000,   0.02400,
Yzero,0.000000e+00,,   3.526000000000,   0.00000,
Probe Atten,1.000000e+01,,   3.528000000000,  -0.00800,
Model Number,TDS2024C,,   3.530000000000,   0.00800,
Serial Number,C040020,,   3.532000000000,   0.02400,
Firmware Version,FV:v24.26,,   3.534000000000,   0.00800,
,,,3.536000000000,   0.01600,
,,,3.538000000000,   0.01600,
,,,3.540000000000,   0.01600,
,,,3.542000000000,   0.01600,
,,,3.544000000000,   0.00000,
,,,3.546000000000,   0.00000,
,,,3.548000000000,   0.00000,
,,,3.550000000000,   0.00800,
,,,3.552000000000,   0.01600,
,,,3.554000000000,   0.00000,
,,,3.556000000000,   0.01600,
,,,3.558000000000,  -0.00800,
,,,3.560000000000,   0.00000,
,,,3.562000000000,   0.01600,
,,,3.564000000000,   0.00800,
,,,3.566000000000,  -0.01600,
,,,3.568000000000,  -0.00800,
,,,3.570000000000,   0.01600,
,,,3.572000000000,   0.01600,
,,,3.574000000000,  -0.00800,
,,,3.576000000000,  -0.00800,
,,,3.578000000000,   0.00000,
,,,3.580000000000,   0.00000,
,,,3.582000000000,   0.01600,
,,,3.584000000000,   0.00000,
,,,3.586000000000,   0.01600,
,,,3.588000000000,  -0.00800,
,,,3.590000000000,   0.00000,
,,,3.592000000000,   0.00000,
,,,3.594000000000,   0.00000,
,,,3.596000000000,   0.00800,
,,,3.598000000000,   0.00800,
,,,3.600000000000,   0.01600,
,,,3.602000000000,  -0.00800,
,,,3.604000000000,   0.01600,
,,,3.606000000000,   0.00000,
,,,3.608000000000,  -0.00800,
,,,3.610000000000,   0.00000,
,,,3.612000000000,  -0.02400,
,,,3.614000000000,   0.01600,
,,,3.616000000000,   0.00000,
,,,3.618000000000,   0.00800,
,,,3.620000000000,   0.00800,
,,,3.622000000000,  -0.00800,
,,,3.624000000000,   0.01600,
,,,3.626000000000,   0.02400,
,,,3.628000000000,   0.01600,
,,,3.630000000000,   0.00800,
,,,3.632000000000,   0.00000,
,,,3.634000000000,  -0.01600,
,,,3.636000000000,  -0.01600,
,,,3.638000000000,   0.02400,
,,,3.640000000000,   0.00000,
,,,3.642000000000,  -0.00800,
,,,3.644000000000,   0.00800,
,,,3.646000000000,   0.00000,
,,,3.648000000000,   0.01600,
,,,3.650000000000,   0.01600,
,,,3.652000000000,   0.00000,
,,,3.654000000000,   0.00000,
,,,3.656000000000,   0.01600,
,,,3.658000000000,  -0.00800,
,,,3.660000000000,  -0.00800,
,,,3.662000000000,   0.00800,
,,,3.664000000000,   0.00800,
,,,3.666000000000,  -0.00800,
,,,3.668000000000,   0.03200,
,,,3.670000000000,  -0.02400,
,,,3.672000000000,   0.00000,
,,,3.674000000000,   0.04000,
,,,3.676000000000,   0.01600,
,,,3.678000000000,   0.01600,
,,,3.680000000000,  -0.00800,
,,,3.682000000000,   0.00000,
,,,3.684000000000,  -0.00800,
,,,3.686000000000,  -0.00800,
,,,3.688000000000,   0.00000,
,,,3.690000000000,   0.00000,
,,,3.692000000000,  -0.00800,
,,,3.694000000000,   0.01600,
,,,3.696000000000,  -0.00800,
,,,3.698000000000,   0.00800,
,,,3.700000000000,   0.02400,
,,,3.702000000000,   0.01600,
,,,3.704000000000,   0.01600,
,,,3.706000000000,   0.00000,
,,,3.708000000000,  -0.00800,
,,,3.710000000000,   0.01600,
,,,3.712000000000,   0.00000,
,,,3.714000000000,   0.00000,
,,,3.716000000000,   0.00800,
,,,3.718000000000,   0.01600,
,,,3.720000000000,  -0.00800,
,,,3.722000000000,  -0.00800,
,,,3.724000000000,   0.00000,
,,,3.726000000000,   0.00800,
,,,3.728000000000,   0.00800,
,,,3.730000000000,   0.01600,
,,,3.732000000000,   0.01600,
,,,3.734000000000,   0.02400,
,,,3.736000000000,   0.02400,
,,,3.738000000000,   0.01600,
,,,3.740000000000,   0.01600,
,,,3.742000000000,  -0.00800,
,,,3.744000000000,   0.01600,
,,,3.746000000000,   0.01600,
,,,3.748000000000,   0.01600,
,,,3.750000000000,   0.01600,
,,,3.752000000000,   0.00000,
,,,3.754000000000,   0.00000,
,,,3.756000000000,  -0.00800,
,,,3.758000000000,  -0.00800,
,,,3.760000000000,   0.00000,
,,,3.762000000000,   0.00000,
,,,3.764000000000,   0.00000,
,,,3.766000000000,  -0.00800,
,,,3.768000000000,   0.01600,
,,,3.770000000000,  -0.01600,
,,,3.772000000000,  -0.01600,
,,,3.774000000000,  -0.01600,
,,,3.776000000000,   0.02400,
,,,3.778000000000,  -0.02400,
,,,3.780000000000,   0.00000,
,,,3.782000000000,   0.00000,
,,,3.784000000000,  -0.00800,
,,,3.786000000000,   0.01600,
,,,3.788000000000,   0.00000,
,,,3.790000000000,   0.00800,
,,,3.792000000000,   0.00800,
,,,3.794000000000,   0.01600,
,,,3.796000000000,   0.01600,
,,,3.798000000000,   0.01600,
,,,3.800000000000,   0.01600,
,,,3.802000000000,   0.00000,
,,,3.804000000000,  -0.00800,
,,,3.806000000000,   0.00800,
,,,3.808000000000,   0.00800,
,,,3.810000000000,   0.00000,
,,,3.812000000000,   0.00000,
,,,3.814000000000,   0.00800,
,,,3.816000000000,   0.00000,
,,,3.818000000000,   0.00800,
,,,3.820000000000,   0.01600,
,,,3.822000000000,   0.01600,
,,,3.824000000000,   0.01600,
,,,3.826000000000,  -0.00800,
,,,3.828000000000,   0.01600,
,,,3.830000000000,  -0.00800,
,,,3.832000000000,   0.00000,
,,,3.834000000000,   0.00800,
,,,3.836000000000,  -0.00800,
,,,3.838000000000,   0.00000,
,,,3.840000000000,   0.01600,
,,,3.842000000000,   0.01600,
,,,3.844000000000,  -0.00800,
,,,3.846000000000,   0.01600,
,,,3.848000000000,   0.00000,
,,,3.850000000000,   0.01600,
,,,3.852000000000,   0.03200,
,,,3.854000000000,   0.00800,
,,,3.856000000000,  -0.01600,
,,,3.858000000000,  -0.00800,
,,,3.860000000000,   0.00000,
,,,3.862000000000,  -0.00800,
,,,3.864000000000,   0.00800,
,,,3.866000000000,   0.00000,
,,,3.868000000000,  -0.01600,
,,,3.870000000000,  -0.00800,
,,,3.872000000000,   0.00800,
,,,3.874000000000,   0.01600,
,,,3.876000000000,   0.00000,
,,,3.878000000000,   0.00800,
,,,3.880000000000,  -0.01600,
,,,3.882000000000,   0.02400,
,,,3.884000000000,   0.00800,
,,,3.886000000000,  -0.00800,
,,,3.888000000000,   0.00800,
,,,3.890000000000,  -0.00800,
,,,3.892000000000,   0.02400,
,,,3.894000000000,   0.00000,
,,,3.896000000000,  -0.01600,
,,,3.898000000000,   0.00000,
,,,3.900000000000,  -0.00800,
,,,3.902000000000,  -0.00800,
,,,3.904000000000,   0.00800,
,,,3.906000000000,   0.00000,
,,,3.908000000000,  -0.00800,
,,,3.910000000000,   0.00800,
,,,3.912000000000,  -0.01600,
,,,3.914000000000,  -0.02400,
,,,3.916000000000,   0.00000,
,,,3.918000000000,  -0.00800,
,,,3.920000000000,  -0.02400,
,,,3.922000000000,  -0.01600,
,,,3.924000000000,   0.00000,
,,,3.926000000000,   0.00800,
,,,3.928000000000,   0.00000,
,,,3.930000000000,   0.01600,
,,,3.932000000000,  -0.00800,
,,,3.934000000000,   0.00800,
,,,3.936000000000,   0.00800,
,,,3.938000000000,   0.02400,
,,,3.940000000000,  -0.00800,
,,,3.942000000000,   0.00000,
,,,3.944000000000,   0.01600,
,,,3.946000000000,  -0.01600,
,,,3.948000000000,  -0.00800,
,,,3.950000000000,   0.00000,
,,,3.952000000000,   0.01600,
,,,3.954000000000,   0.02400,
,,,3.956000000000,  -0.02400,
,,,3.958000000000,  -0.00800,
,,,3.960000000000,   0.01600,
,,,3.962000000000,   0.01600,
,,,3.964000000000,   0.00000,
,,,3.966000000000,  -0.00800,
,,,3.968000000000,   0.02400,
,,,3.970000000000,   0.00000,
,,,3.972000000000,   0.00000,
,,,3.974000000000,  -0.01600,
,,,3.976000000000,   0.00800,
,,,3.978000000000,   0.00000,
,,,3.980000000000,   0.00000,
,,,3.982000000000,   0.01600,
,,,3.984000000000,   0.01600,
,,,3.986000000000,   0.00000,
,,,3.988000000000,   0.00800,
,,,3.990000000000,   0.00000,
,,,3.992000000000,   0.01600,
,,,3.994000000000,   0.00800,
,,,3.996000000000,   0.01600,
,,,3.998000000000,  -0.00800,
,,,4.000000000000,   0.47200,
,,,4.002000000000,   0.47200,
,,,4.004000000000,   0.42400,
,,,4.006000000000,   0.41600,
,,,4.008000000000,   0.40000,
,,,4.010000000000,   0.43200,
,,,4.012000000000,   0.37600,
,,,4.014000000000,   0.37600,
,,,4.016000000000,   0.38400,
,,,4.018000000000,   0.35200,
,,,4.020000000000,   0.34400,
,,,4.022000000000,   0.35200,
,,,4.024000000000,   0.32000,
,,,4.026000000000,   0.34400,
,,,4.028000000000,   0.32000,
,,,4.030000000000,   0.29600,
,,,4.032000000000,   0.30400,
,,,4.034000000000,   0.30400,
,,,4.036000000000,   0.28000,
,,,4.038000000000,   0.28000,
,,,4.040000000000,   0.28000,
,,,4.042000000000,   0.26400,
,,,4.044000000000,   0.27200,
,,,4.046000000000,   0.26400,
,,,4.048000000000,   0.24000,
,,,4.050000000000,   0.22400,
,,,4.052000000000,   0.24000,
,,,4.054000000000,   0.22400,
,,,4.056000000000,   0.21600,
,,,4.058000000000,   0.22400,
,,,4.060000000000,   0.21600,
,,,4.062000000000,   0.20000,
,,,4.064000000000,   0.21600,
,,,4.066000000000,   0.19200,
,,,4.068000000000,   0.18400,
,,,4.070000000000,   0.19200,
,,,4.072000000000,   0.17600,
,,,4.074000000000,   0.17600,
,,,4.076000000000,   0.18400,
,,,4.078000000000,   0.16000,
,,,4.080000000000,   0.17600,
,,,4.082000000000,   0.15200,
,,,4.084000000000,   0.15200,
,,,4.086000000000,   0.13600,
,,,4.088000000000,   0.14400,
,,,4.090000000000,   0.14400,
,,,4.092000000000,   0.14400,
,,,4.094000000000,   0.13600,
,,,4.096000000000,   0.16800,
,,,4.098000000000,   0.13600,
,,,4.100000000000,   0.11200,
,,,4.102000000000,   0.10400,
,,,4.104000000000,   0.12000,
,,,4.106000000000,   0.12800,
,,,4.108000000000,   0.12000,
,,,4.110000000000,   0.11200,
,,,4.112000000000,   0.12800,
,,,4.114000000000,   0.10400,
,,,4.116000000000,   0.10400,
,,,4.118000000000,   0.08000,
,,,4.120000000000,   0.09600,
,,,4.122000000000,   0.09600,
,,,4.124000000000,   0.08800,
,,,4.126000000000,   0.08000,
,,,4.128000000000,   0.08000,
,,,4.130000000000,   0.09600,
,,,4.132000000000,   0.08000,
,,,4.134000000000,   0.08000,
,,,4.136000000000,   0.08000,
,,,4.138000000000,   0.08000,
,,,4.140000000000,   0.08000,
,,,4.142000000000,   0.06400,
,,,4.144000000000,   0.07200,
,,,4.146000000000,   0.06400,
,,,4.148000000000,   0.05600,
,,,4.150000000000,   0.09600,
,,,4.152000000000,   0.06400,
,,,4.154000000000,   0.06400,
,,,4.156000000000,   0.05600,
,,,4.158000000000,   0.05600,
,,,4.160000000000,   0.07200,
,,,4.162000000000,   0.07200,
,,,4.164000000000,   0.06400,
,,,4.166000000000,   0.05600,
,,,4.168000000000,   0.06400,
,,,4.170000000000,   0.05600,
,,,4.172000000000,   0.07200,
,,,4.174000000000,   0.06400,
,,,4.176000000000,   0.06400,
,,,4.178000000000,   0.04000,
,,,4.180000000000,   0.05600,
,,,4.182000000000,   0.05600,
,,,4.184000000000,   0.05600,
,,,4.186000000000,   0.01600,
,,,4.188000000000,   0.04800,
,,,4.190000000000,   0.04800,
,,,4.192000000000,   0.03200,
,,,4.194000000000,   0.03200,
,,,4.196000000000,   0.03200,
,,,4.198000000000,   0.02400,
,,,4.200000000000,   0.05600,
,,,4.202000000000,   0.04800,
,,,4.204000000000,   0.04800,
,,,4.206000000000,   0.04800,
,,,4.208000000000,   0.04000,
,,,4.210000000000,   0.03200,
,,,4.212000000000,   0.02400,
,,,4.214000000000,   0.04000,
,,,4.216000000000,   0.04000,
,,,4.218000000000,   0.03200,
,,,4.220000000000,   0.04800,
,,,4.222000000000,   0.02400,
,,,4.224000000000,   0.02400,
,,,4.226000000000,   0.02400,
,,,4.228000000000,   0.04000,
,,,4.230000000000,   0.01600,
,,,4.232000000000,   0.03200,
,,,4.234000000000,   0.02400,
,,,4.236000000000,   0.01600,
,,,4.238000000000,   0.01600,
,,,4.240000000000,   0.04000,
,,,4.242000000000,   0.02400,
,,,4.244000000000,   0.03200,
,,,4.246000000000,   0.02400,
,,,4.248000000000,   0.02400,
,,,4.250000000000,   0.02400,
,,,4.252000000000,   0.01600,
,,,4.254000000000,   0.01600,
,,,4.256000000000,   0.01600,
,,,4.258000000000,   0.01600,
,,,4.260000000000,   0.01600,
,,,4.262000000000,   0.01600,
,,,4.264000000000,   0.01600,
,,,4.266000000000,   0.04000,
,,,4.268000000000,   0.00800,
,,,4.270000000000,   0.02400,
,,,4.272000000000,   0.01600,
,,,4.274000000000,   0.00800,
,,,4.276000000000,   0.03200,
,,,4.278000000000,   0.01600,
,,,4.280000000000,   0.03200,
,,,4.282000000000,   0.00800,
,,,4.284000000000,   0.01600,
,,,4.286000000000,   0.01600,
,,,4.288000000000,   0.02400,
,,,4.290000000000,   0.00800,
,,,4.292000000000,   0.01600,
,,,4.294000000000,   0.01600,
,,,4.296000000000,  -0.00800,
,,,4.298000000000,   0.02400,
,,,4.300000000000,   0.02400,
,,,4.302000000000,   0.00000,
,,,4.304000000000,   0.01600,
,,,4.306000000000,   0.00000,
,,,4.308000000000,  -0.00800,
,,,4.310000000000,   0.03200,
,,,4.312000000000,   0.01600,
,,,4.314000000000,   0.01600,
,,,4.316000000000,   0.01600,
,,,4.318000000000,   0.00800,
,,,4.320000000000,   0.02400,
,,,4.322000000000,  -0.00800,
,,,4.324000000000,   0.02400,
,,,4.326000000000,   0.02400,
,,,4.328000000000,   0.01600,
,,,4.330000000000,   0.00000,
,,,4.332000000000,   0.00000,
,,,4.334000000000,   0.02400,
,,,4.336000000000,   0.00000,
,,,4.338000000000,   0.00800,
,,,4.340000000000,   0.03200,
,,,4.342000000000,   0.02400,
,,,4.344000000000,   0.01600,
,,,4.346000000000,   0.01600,
,,,4.348000000000,   0.01600,
,,,4.350000000000,   0.01600,
,,,4.352000000000,  -0.00800,
,,,4.354000000000,   0.00800,
,,,4.356000000000,   0.00800,
,,,4.358000000000,   0.00800,
,,,4.360000000000,   0.01600,
,,,4.362000000000,   0.02400,
,,,4.364000000000,   0.00000,
,,,4.366000000000,   0.00000,
,,,4.368000000000,   0.02400,
,,,4.370000000000,   0.01600,
,,,4.372000000000,  -0.00800,
,,,4.374000000000,   0.00000,
,,,4.376000000000,  -0.00800,
,,,4.378000000000,  -0.00800,
,,,4.380000000000,   0.02400,
,,,4.382000000000,   0.00800,
,,,4.384000000000,   0.01600,
,,,4.386000000000,   0.00000,
,,,4.388000000000,   0.01600,
,,,4.390000000000,   0.01600,
,,,4.392000000000,  -0.00800,
,,,4.394000000000,   0.00000,
,,,4.396000000000,   0.01600,
,,,4.398000000000,   0.01600,
,,,4.400000000000,   0.01600,
,,,4.402000000000,  -0.00800,
,,,4.404000000000,   0.00800,
,,,4.406000000000,   0.00800,
,,,4.408000000000,   0.01600,
,,,4.410000000000,  -0.01600,
,,,4.412000000000,   0.00000,
,,,4.414000000000,  -0.00800,
,,,4.416000000000,  -0.02400,
,,,4.418000000000,   0.00800,
,,,4.420000000000,   0.00800,
,,,4.422000000000,   0.01600,
,,,4.424000000000,   0.02400,
,,,4.426000000000,  -0.00800,
,,,4.428000000000,   0.01600,
,,,4.430000000000,   0.00000,
,,,4.432000000000,  -0.00800,
,,,4.434000000000,   0.00000,
,,,4.436000000000,   0.01600,
,,,4.438000000000,   0.01600,
,,,4.440000000000,  -0.00800,
,,,4.442000000000,  -0.00800,
,,,4.444000000000,   0.01600,
,,,4.446000000000,   0.02400,
,,,4.448000000000,   0.00800,
,,,4.450000000000,  -0.00800,
,,,4.452000000000,   0.01600,
,,,4.454000000000,  -0.00800,
,,,4.456000000000,   0.03200,
,,,4.458000000000,   0.01600,
,,,4.460000000000,   0.02400,
,,,4.462000000000,   0.00800,
,,,4.464000000000,  -0.00800,
,,,4.466000000000,  -0.01600,
,,,4.468000000000,  -0.00800,
,,,4.470000000000,  -0.01600,
,,,4.472000000000,   0.01600,
,,,4.474000000000,   0.01600,
,,,4.476000000000,   0.00000,
,,,4.478000000000,   0.01600,
,,,4.480000000000,   0.00000,
,,,4.482000000000,   0.00000,
,,,4.484000000000,   0.01600,
,,,4.486000000000,   0.00000,
,,,4.488000000000,   0.00800,
,,,4.490000000000,   0.00000,
,,,4.492000000000,   0.01600,
,,,4.494000000000,   0.00800,
,,,4.496000000000,   0.01600,
,,,4.498000000000,  -0.00800,
,,,4.500000000000,   0.02400,
,,,4.502000000000,   0.01600,
,,,4.504000000000,   0.00800,
,,,4.506000000000,   0.00000,
,,,4.508000000000,   0.01600,
,,,4.510000000000,  -0.00800,
,,,4.512000000000,  -0.01600,
,,,4.514000000000,   0.00000,
,,,4.516000000000,   0.00800,
,,,4.518000000000,   0.00800,
,,,4.520000000000,   0.00800,
,,,4.522000000000,  -0.00800,
,,,4.524000000000,   0.01600,
,,,4.526000000000,   0.00000,
,,,4.528000000000,   0.00000,
,,,4.530000000000,   0.00000,
,,,4.532000000000,   0.01600,
,,,4.534000000000,  -0.01600,
,,,4.536000000000,  -0.00800,
,,,4.538000000000,   0.00800,
,,,4.540000000000,   0.00800,
,,,4.542000000000,   0.00800,
,,,4.544000000000,   0.00800,
,,,4.546000000000,   0.02400,
,,,4.548000000000,  -0.01600,
,,,4.550000000000,   0.00000,
,,,4.552000000000,  -0.00800,
,,,4.554000000000,   0.00800,
,,,4.556000000000,  -0.00800,
,,,4.558000000000,  -0.00800,
,,,4.560000000000,   0.00000,
,,,4.562000000000,   0.01600,
,,,4.564000000000,   0.00000,
,,,4.566000000000,  -0.00800,
,,,4.568000000000,   0.00000,
,,,4.570000000000,  -0.00800,
,,,4.572000000000,  -0.00800,
,,,4.574000000000,   0.01600,
,,,4.576000000000,   0.01600,
,,,4.578000000000,   0.00000,
,,,4.580000000000,   0.02400,
,,,4.582000000000,  -0.00800,
,,,4.584000000000,   0.00000,
,,,4.586000000000,  -0.00800,
,,,4.588000000000,   0.00000,
,,,4.590000000000,   0.00800,
,,,4.592000000000,   0.02400,
,,,4.594000000000,   0.00000,
,,,4.596000000000,   0.00000,
,,,4.598000000000,   0.01600,
,,,4.600000000000,   0.01600,
,,,4.602000000000,   0.00000,
,,,4.604000000000,   0.01600,
,,,4.606000000000,  -0.00800,
,,,4.608000000000,   0.00800,
,,,4.610000000000,   0.00800,
,,,4.612000000000,  -0.01600,
,,,4.614000000000,  -0.02400,
,,,4.616000000000,   0.00800,
,,,4.618000000000,   0.01600,
,,,4.620000000000,   0.00000,
,,,4.622000000000,   0.00000,
,,,4.624000000000,   0.00800,
,,,4.626000000000,   0.01600,
,,,4.628000000000,   0.00800,
,,,4.630000000000,   0.00000,
,,,4.632000000000,   0.00800,
,,,4.634000000000,   0.00800,
,,,4.636000000000,  -0.00800,
,,,4.638000000000,   0.01600,
,,,4.640000000000,  -0.00800,
,,,4.642000000000,   0.00000,
,,,4.644000000000,  -0.01600,
,,,4.646000000000,   0.02400,
,,,4.648000000000,   0.00800,
,,,4.650000000000,   0.02400,
,,,4.652000000000,   0.03200,
,,,4.654000000000,   0.02400,
,,,4.656000000000,   0.01600,
,,,4.658000000000,   0.01600,
,,,4.660000000000,   0.01600,
,,,4.662000000000,  -0.00800,
,,,4.664000000000,   0.00800,
,,,4.666000000000,   0.00000,
,,,4.668000000000,  -0.00800,
,,,4.670000000000,   0.00800,
,,,4.672000000000,   0.00000,
,,,4.674000000000,  -0.00800,
,,,4.676000000000,   0.01600,
,,,4.678000000000,   0.00800,
,,,4.680000000000,  -0.02400,
,,,4.682000000000,  -0.02400,
,,,4.684000000000,   0.00000,
,,,4.686000000000,  -0.00800,
,,,4.688000000000,   0.01600,
,,,4.690000000000,   0.00000,
,,,4.692000000000,   0.00000,
,,,4.694000000000,   0.01600,
,,,4.696000000000,   0.00000,
,,,4.698000000000,   0.01600,
,,,4.700000000000,   0.00800,
,,,4.702000000000,   0.00000,
,,,4.704000000000,   0.00800,
,,,4.706000000000,  -0.01600,
,,,4.708000000000,   0.00800,
,,,4.710000000000,  -0.00800,
,,,4.712000000000,  -0.00800,
,,,4.714000000000,   0.00000,
,,,4.716000000000,   0.00000,
,,,4.718000000000,  -0.03200,
,,,4.720000000000,   0.00000,
,,,4.722000000000,   0.00000,
,,,4.724000000000,   0.00000,
,,,4.726000000000,   0.01600,
,,,4.728000000000,   0.00000,
,,,4.730000000000,   0.00800,
,,,4.732000000000,   0.01600,
,,,4.734000000000,  -0.01600,
,,,4.736000000000,   0.00000,
,,,4.738000000000,  -0.00800,
,,,4.740000000000,  -0.00800,
,,,4.742000000000,   0.00000,
,,,4.744000000000,   0.00000,
,,,4.746000000000,   0.00000,
,,,4.748000000000,  -0.00800,
,,,4.750000000000,   0.00800,
,,,4.752000000000,   0.02400,
,,,4.754000000000,   0.02400,
,,,4.756000000000,   0.02400,
,,,4.758000000000,   0.00800,
,,,4.760000000000,   0.00000,
,,,4.762000000000,  -0.00800,
,,,4.764000000000,   0.03200,
,,,4.766000000000,   0.01600,
,,,4.768000000000,   0.00000,
,,,4.770000000000,   0.00000,
,,,4.772000000000,  -0.01600,
,,,4.774000000000,  -0.01600,
,,,4.776000000000,   0.01600,
,,,4.778000000000,   0.00000,
,,,4.780000000000,   0.01600,
,,,4.782000000000,  -0.00800,
,,,4.784000000000,  -0.00800,
,,,4.786000000000,   0.01600,
,,,4.788000000000,   0.02400,
,,,4.790000000000,  -0.00800,
,,,4.792000000000,  -0.00800,
,,,4.794000000000,   0.00800,
,,,4.796000000000,   0.02400,
,,,4.798000000000,   0.01600,
,,,4.800000000000,  -0.03200,
,,,4.802000000000,   0.02400,
,,,4.804000000000,   0.00800,
,,,4.806000000000,   0.01600,
,,,4.808000000000,   0.00000,
,,,4.810000000000,  -0.00800,
,,,4.812000000000,  -0.01600,
,,,4.814000000000,   0.00000,
,,,4.816000000000,   0.00800,
,,,4.818000000000,   0.00800,
,,,4.820000000000,  -0.01600,
,,,4.822000000000,   0.00800,
,,,4.824000000000,  -0.00800,
,,,4.826000000000,   0.01600,
,,,4.828000000000,   0.00000,
,,,4.830000000000,  -0.00800,
,,,4.832000000000,   0.00000,
,,,4.834000000000,   0.00000,
,,,4.836000000000,   0.00000,
,,,4.838000000000,   0.00800,
,,,4.840000000000,  -0.00800,
,,,4.842000000000,   0.00000,
,,,4.844000000000,   0.00000,
,,,4.846000000000,   0.01600,
,,,4.848000000000,  -0.01600,
,,,4.850000000000,  -0.00800,
,,,4.852000000000,  -0.00800,
,,,4.854000000000,   0.00800,
,,,4.856000000000,  -0.01600,
,,,4.858000000000,   0.00800,
,,,4.860000000000,   0.00000,
,,,4.862000000000,  -0.00800,
,,,4.864000000000,   0.00000,
,,,4.866000000000,   0.01600,
,,,4.868000000000,   0.00800,
,,,4.870000000000,   0.00800,
,,,4.872000000000,   0.02400,
,,,4.874000000000,   0.01600,
,,,4.876000000000,   0.01600,
,,,4.878000000000,  -0.02400,
,,,4.880000000000,   0.02400,
,,,4.882000000000,   0.00000,
,,,4.884000000000,  -0.00800,
,,,4.886000000000,  -0.00800,
,,,4.888000000000,   0.00800,
,,,4.890000000000,   0.01600,
,,,4.892000000000,   0.01600,
,,,4.894000000000,   0.00000,
,,,4.896000000000,  -0.00800,
,,,4.898000000000,   0.01600,
,,,4.900000000000,   0.00000,
,,,4.902000000000,  -0.00800,
,,,4.904000000000,   0.01600,
,,,4.906000000000,   0.03200,
,,,4.908000000000,   0.00000,
,,,4.910000000000,   0.00000,
,,,4.912000000000,   0.01600,
,,,4.914000000000,   0.01600,
,,,4.916000000000,  -0.02400,
,,,4.918000000000,   0.00000,
,,,4.920000000000,   0.02400,
,,,4.922000000000,   0.00000,
,,,4.924000000000,   0.00800,
,,,4.926000000000,   0.00000,
,,,4.928000000000,  -0.00800,
,,,4.930000000000,   0.00000,
,,,4.932000000000,   0.00800,
,,,4.934000000000,   0.00800,
,,,4.936000000000,   0.00800,
,,,4.938000000000,  -0.02400,
,,,4.940000000000,   0.00000,
,,,4.942000000000,  -0.00800,
,,,4.944000000000,  -0.03200,
,,,4.946000000000,   0.01600,
,,,4.948000000000,   0.02400,
,,,4.950000000000,   0.02400,
,,,4.952000000000,   0.00000,
,,,4.954000000000,   0.00000,
,,,4.956000000000,   0.01600,
,,,4.958000000000,   0.01600,
,,,4.960000000000,  -0.01600,
,,,4.962000000000,   0.00800,
,,,4.964000000000,   0.00000,
,,,4.966000000000,   0.00000,
,,,4.968000000000,  -0.01600,
,,,4.970000000000,   0.02400,
,,,4.972000000000,  -0.01600,
,,,4.974000000000,  -0.01600,
,,,4.976000000000,   0.01600,
,,,4.978000000000,   0.00000,
,,,4.980000000000,  -0.00800,
,,,4.982000000000,   0.00800,
,,,4.984000000000,   0.00000,
,,,4.986000000000,   0.00000,
,,,4.988000000000,   0.02400,
,,,4.990000000000,  -0.00800,
,,,4.992000000000,  -0.01600,
,,,4.994000000000,   0.00000,
,,,4.996000000000,   0.00800,
,,,4.998000000000,   0.00800,
,,,5.000000000000,  -0.46400,
,,,5.002000000000,  -0.43200,
,,,5.004000000000,  -0.43200,
,,,5.006000000000,  -0.41600,
,,,5.008000000000,  -0.40800,
,,,5.010000000000,  -0.40800,
,,,5.012000000000,  -0.39200,
,,,5.014000000000,  -0.37600,
,,,5.016000000000,  -0.36000,
,,,5.018000000000,  -0.35200,
,,,5.020000000000,  -0.32800,
,,,5.022000000000,  -0.32000,
,,,5.024000000000,  -0.32800,
,,,5.026000000000,  -0.31200,
,,,5.028000000000,  -0.31200,
,,,5.030000000000,  -0.29600,
,,,5.032000000000,  -0.27200,
,,,5.034000000000,  -0.28800,
,,,5.036000000000,  -0.28800,
,,,5.038000000000,  -0.27200,
,,,5.040000000000,  -0.25600,
,,,5.042000000000,  -0.28000,
,,,5.044000000000,  -0.25600,
,,,5.046000000000,  -0.27200,
,,,5.048000000000,  -0.23200,
,,,5.050000000000,  -0.22400,
,,,5.052000000000,  -0.22400,
,,,5.054000000000,  -0.22400,
,,,5.056000000000,  -0.20000,
,,,5.058000000000,  -0.20800,
,,,5.060000000000,  -0.19200,
,,,5.062000000000,  -0.20800,
,,,5.064000000000,  -0.21600,
,,,5.066000000000,  -0.18400,
,,,5.068000000000,  -0.19200,
,,,5.070000000000,  -0.16800,
,,,5.072000000000,  -0.17600,
,,,5.074000000000,  -0.17600,
,,,5.076000000000,  -0.16800,
,,,5.078000000000,  -0.16000,
,,,5.080000000000,  -0.16800,
,,,5.082000000000,  -0.16000,
,,,5.084000000000,  -0.13600,
,,,5.086000000000,  -0.14400,
,,,5.088000000000,  -0.14400,
,,,5.090000000000,  -0.15200,
,,,5.092000000000,  -0.13600,
,,,5.094000000000,  -0.13600,
,,,5.096000000000,  -0.12000,
,,,5.098000000000,  -0.12000,
,,,5.100000000000,  -0.15200,
,,,5.102000000000,  -0.14400,
,,,5.104000000000,  -0.12800,
,,,5.106000000000,  -0.12000,
,,,5.108000000000,  -0.12000,
,,,5.110000000000,  -0.11200,
,,,5.112000000000,  -0.12000,
,,,5.114000000000,  -0.10400,
,,,5.116000000000,  -0.08000,
,,,5.118000000000,  -0.08000,
,,,5.120000000000,  -0.09600,
,,,5.122000000000,  -0.10400,
,,,5.124000000000,  -0.10400,
,,,5.126000000000,  -0.08800,
,,,5.128000000000,  -0.10400,
,,,5.130000000000,  -0.09600,
,,,5.132000000000,  -0.08000,
,,,5.134000000000,  -0.08800,
,,,5.136000000000,  -0.06400,
,,,5.138000000000,  -0.07200,
,,,5.140000000000,  -0.08800,
,,,5.142000000000,  -0.08800,
,,,5.144000000000,  -0.05600,
,,,5.146000000000,  -0.07200,
,,,5.148000000000,  -0.09600,
,,,5.150000000000,  -0.08000,
,,,5.152000000000,  -0.05600,
,,,5.154000000000,  -0.06400,
,,,5.156000000000,  -0.04000,
,,,5.158000000000,  -0.09600,
,,,5.160000000000,  -0.06400,
,,,5.162000000000,  -0.06400,
,,,5.164000000000,  -0.05600,
,,,5.166000000000,  -0.04800,
,,,5.168000000000,  -0.07200,
,,,5.170000000000,  -0.04000,
,,,5.172000000000,  -0.06400,
,,,5.174000000000,  -0.08000,
,,,5.176000000000,  -0.04800,
,,,5.178000000000,  -0.04000,
,,,5.180000000000,  -0.03200,
,,,5.182000000000,  -0.03200,
,,,5.184000000000,  -0.04000,
,,,5.186000000000,  -0.04800,
,,,5.188000000000,  -0.03200,
,,,5.190000000000,  -0.04800,
,,,5.192000000000,  -0.04000,
,,,5.194000000000,  -0.04800,
,,,5.196000000000,  -0.04800,
,,,5.198000000000,  -0.04000,
,,,5.200000000000,  -0.04000,
,,,5.202000000000,  -0.04800,
,,,5.204000000000,  -0.04800,
,,,5.206000000000,  -0.01600,
,,,5.208000000000,  -0.02400,
,,,5.210000000000,  -0.02400,
,,,5.212000000000,  -0.03200,
,,,5.214000000000,  -0.04000,
,,,5.216000000000,  -0.03200,
,,,5.218000000000,  -0.01600,
,,,5.220000000000,  -0.00800,
,,,5.222000000000,  -0.00800,
,,,5.224000000000,  -0.02400,
,,,5.226000000000,  -0.03200,
,,,5.228000000000,  -0.02400,
,,,5.230000000000,   0.00000,
,,,5.232000000000,  -0.03200,
,,,5.234000000000,  -0.02400,
,,,5.236000000000,  -0.02400,
,,,5.238000000000,  -0.02400,
,,,5.240000000000,  -0.02400,
,,,5.242000000000,  -0.02400,
,,,5.244000000000,  -0.01600,
,,,5.246000000000,  -0.01600,
,,,5.248000000000,  -0.01600,
,,,5.250000000000,  -0.03200,
,,,5.252000000000,  -0.01600,
,,,5.254000000000,  -0.01600,
,,,5.256000000000,   0.00000,
,,,5.258000000000,  -0.02400,
,,,5.260000000000,  -0.03200,
,,,5.262000000000,  -0.04000,
,,,5.264000000000,  -0.00800,
,,,5.266000000000,  -0.01600,
,,,5.268000000000,   0.01600,
,,,5.270000000000,  -0.02400,
,,,5.272000000000,  -0.01600,
,,,5.274000000000,   0.00000,
,,,5.276000000000,   0.00000,
,,,5.278000000000,  -0.01600,
,,,5.280000000000,  -0.02400,
,,,5.282000000000,   0.01600,
,,,5.284000000000,  -0.02400,
,,,5.286000000000,  -0.00800,
,,,5.288000000000,  -0.02400,
,,,5.290000000000,  -0.01600,
,,,5.292000000000,  -0.03200,
,,,5.294000000000,  -0.00800,
,,,5.296000000000,   0.00800,
,,,5.298000000000,  -0.01600,
,,,5.300000000000,  -0.03200,
,,,5.302000000000,  -0.01600,
,,,5.304000000000,   0.00000,
,,,5.306000000000,   0.00000,
,,,5.308000000000,  -0.03200,
,,,5.310000000000,  -0.00800,
,,,5.312000000000,  -0.02400,
,,,5.314000000000,  -0.00800,
,,,5.316000000000,  -0.01600,
,,,5.318000000000,   0.00000,
,,,5.320000000000,   0.00000,
,,,5.322000000000,  -0.00800,
,,,5.324000000000,   0.01600,
,,,5.326000000000,   0.00000,
,,,5.328000000000,   0.00000,
,,,5.330000000000,  -0.01600,
,,,5.332000000000,  -0.00800,
,,,5.334000000000,  -0.00800,
,,,5.336000000000,  -0.01600,
,,,5.338000000000,   0.01600,
,,,5.340000000000,   0.00000,
,,,5.342000000000,   0.00000,
,,,5.344000000000,  -0.00800,
,,,5.346000000000,  -0.02400,
,,,5.348000000000,   0.00800,
,,,5.350000000000,   0.00000,
,,,5.352000000000,   0.00000,
,,,5.354000000000,   0.00000,
,,,5.356000000000,  -0.02400,
,,,5.358000000000,   0.00800,
,,,5.360000000000,   0.01600,
,,,5.362000000000,   0.01600,
,,,5.364000000000,   0.00000,
,,,5.366000000000,   0.00000,
,,,5.368000000000,   0.00800,
,,,5.370000000000,   0.00000,
,,,5.372000000000,   0.00000,
,,,5.374000000000,   0.00800,
,,,5.376000000000,  -0.01600,
,,,5.378000000000,   0.00800,
,,,5.380000000000,   0.00800,
,,,5.382000000000,  -0.00800,
,,,5.384000000000,   0.00800,
,,,5.386000000000,   0.00000,
,,,5.388000000000,   0.00000,
,,,5.390000000000,   0.02400,
,,,5.392000000000,   0.00000,
,,,5.394000000000,  -0.02400,
,,,5.396000000000,   0.00800,
,,,5.398000000000,   0.02400,
,,,5.400000000000,  -0.02400,
,,,5.402000000000,   0.00000,
,,,5.404000000000,  -0.01600,
,,,5.406000000000,   0.01600,
,,,5.408000000000,  -0.02400,
,,,5.410000000000,  -0.01600,
,,,5.412000000000,  -0.00800,
,,,5.414000000000,   0.01600,
,,,5.416000000000,  -0.00800,
,,,5.418000000000,  -0.00800,
,,,5.420000000000,   0.00000,
,,,5.422000000000,   0.00800,
,,,5.424000000000,   0.00800,
,,,5.426000000000,   0.01600,
,,,5.428000000000,   0.00000,
,,,5.430000000000,   0.01600,
,,,5.432000000000,   0.00800,
,,,5.434000000000,  -0.00800,
,,,5.436000000000,   0.01600,
,,,5.438000000000,  -0.01600,
,,,5.440000000000,   0.00000,
,,,5.442000000000,  -0.01600,
,,,5.444000000000,   0.00800,
,,,5.446000000000,  -0.00800,
,,,5.448000000000,   0.00800,
,,,5.450000000000,  -0.01600,
,,,5.452000000000,   0.00800,
,,,5.454000000000,   0.00000,
,,,5.456000000000,  -0.00800,
,,,5.458000000000,   0.01600,
,,,5.460000000000,   0.01600,
,,,5.462000000000,   0.00000,
,,,5.464000000000,   0.00000,
,,,5.466000000000,   0.02400,
,,,5.468000000000,   0.00000,
,,,5.470000000000,   0.00800,
,,,5.472000000000,  -0.01600,
,,,5.474000000000,   0.00800,
,,,5.476000000000,   0.01600,
,,,5.478000000000,  -0.00800,
,,,5.480000000000,   0.00800,
,,,5.482000000000,  -0.00800,
,,,5.484000000000,   0.00800,
,,,5.486000000000,   0.00000,
,,,5.488000000000,   0.00000,
,,,5.490000000000,  -0.00800,
,,,5.492000000000,   0.01600,
,,,5.494000000000,  -0.01600,
,,,5.496000000000,   0.02400,
,,,5.498000000000,   0.00800,
,,,5.500000000000,   0.01600,
,,,5.502000000000,   0.00800,
,,,5.504000000000,   0.00000,
,,,5.506000000000,  -0.01600,
,,,5.508000000000,   0.00000,
,,,5.510000000000,  -0.00800,
,,,5.512000000000,   0.00800,
,,,5.514000000000,   0.00000,
,,,5.516000000000,   0.03200,
,,,5.518000000000,   0.01600,
,,,5.520000000000,   0.00800,
,,,5.522000000000,   0.00000,
,,,5.524000000000,   0.02400,
,,,5.526000000000,   0.00000,
,,,5.528000000000,   0.00800,
,,,5.530000000000,   0.01600,
,,,5.532000000000,   0.00000,
,,,5.534000000000,  -0.01600,
,,,5.536000000000,   0.00000,
,,,5.538000000000,  -0.00800,
,,,5.540000000000,   0.00000,
,,,5.542000000000,  -0.00800,
,,,5.544000000000,  -0.00800,
,,,5.546000000000,   0.01600,
,,,5.548000000000,   0.01600,
,,,5.550000000000,   0.00800,
,,,5.552000000000,   0.00000,
,,,5.554000000000,   0.03200,
,,,5.556000000000,   0.01600,
,,,5.558000000000,  -0.03200,
,,,5.560000000000,  -0.01600,
,,,5.562000000000,  -0.02400,
,,,5.564000000000,   0.02400,
,,,5.566000000000,  -0.01600,
,,,5.568000000000,  -0.01600,
,,,5.570000000000,  -0.00800,
,,,5.572000000000,   0.01600,
,,,5.574000000000,   0.00800,
,,,5.576000000000,  -0.00800,
,,,5.578000000000,   0.00800,
,,,5.580000000000,   0.00000,
,,,5.582000000000,   0.00800,
,,,5.584000000000,   0.00800,
,,,5.586000000000,  -0.01600,
,,,5.588000000000,  -0.00800,
,,,5.590000000000,  -0.00800,
,,,5.592000000000,   0.01600,
,,,5.594000000000,  -0.00800,
,,,5.596000000000,   0.00000,
,,,5.598000000000,   0.01600,
,,,5.600000000000,   0.01600,
,,,5.602000000000,   0.01600,
,,,5.604000000000,   0.02400,
,,,5.606000000000,   0.01600,
,,,5.608000000000,   0.00000,
,,,5.610000000000,   0.01600,
,,,5.612000000000,   0.01600,
,,,5.614000000000,   0.00800,
,,,5.616000000000,   0.00000,
,,,5.618000000000,  -0.02400,
,,,5.620000000000,   0.01600,
,,,5.622000000000,   0.02400,
,,,5.624000000000,   0.00000,
,,,5.626000000000,  -0.01600,
,,,5.628000000000,  -0.00800,
,,,5.630000000000,   0.01600,
,,,5.632000000000,  -0.02400,
,,,5.634000000000,   0.00000,
,,,5.636000000000,   0.00800,
,,,5.638000000000,   0.00000,
,,,5.640000000000,   0.02400,
,,,5.642000000000,  -0.01600,
,,,5.644000000000,   0.01600,
,,,5.646000000000,   0.01600,
,,,5.648000000000,   0.00800,
,,,5.650000000000,   0.01600,
,,,5.652000000000,   0.00800,
,,,5.654000000000,   0.00800,
,,,5.656000000000,   0.00000,
,,,5.658000000000,   0.00000,
,,,5.660000000000,  -0.00800,
,,,5.662000000000,   0.00800,
,,,5.664000000000,   0.00000,
,,,5.666000000000,  -0.00800,
,,,5.668000000000,   0.00000,
,,,5.670000000000,   0.01600,
,,,5.672000000000,   0.02400,
,,,5.674000000000,   0.00000,
,,,5.676000000000,   0.00000,
,,,5.678000000000,   0.00000,
,,,5.680000000000,   0.00000,
,,,5.682000000000,   0.00800,
,,,5.684000000000,   0.00000,
,,,5.686000000000,   0.00000,
,,,5.688000000000,   0.00000,
,,,5.690000000000,  -0.01600,
,,,5.692000000000,   0.03200,
,,,5.694000000000,   0.01600,
,,,5.696000000000,   0.00000,
,,,5.698000000000,   0.00800,
,,,5.700000000000,   0.00800,
,,,5.702000000000,   0.02400,
,,,5.704000000000,  -0.01600,
,,,5.706000000000,   0.00000,
,,,5.708000000000,   0.01600,
,,,5.710000000000,   0.02400,
,,,5.712000000000,   0.00000,
,,,5.714000000000,  -0.01600,
,,,5.716000000000,   0.00800,
,,,5.718000000000,   0.00000,
,,,5.720000000000,  -0.01600,
,,,5.722000000000,   0.01600,
,,,5.724000000000,   0.00000,
,,,5.726000000000,   0.01600,
,,,5.728000000000,   0.00800,
,,,5.730000000000,   0.02400,
,,,5.732000000000,   0.00000,
,,,5.734000000000,   0.00000,
,,,5.736000000000,   0.01600,
,,,5.738000000000,  -0.00800,
,,,5.740000000000,   0.01600,
,,,5.742000000000,   0.00000,
,,,5.744000000000,  -0.02400,
,,,5.746000000000,   0.00000,
,,,5.748000000000,   0.00000,
,,,5.750000000000,  -0.01600,
,,,5.752000000000,  -0.00800,
,,,5.754000000000,  -0.00800,
,,,5.756000000000,  -0.02400,
,,,5.758000000000,  -0.00800,
,,,5.760000000000,   0.00800,
,,,5.762000000000,   0.00000,
,,,5.764000000000,   0.00800,
,,,5.766000000000,  -0.00800,
,,,5.768000000000,   0.00000,
,,,5.770000000000,  -0.02400,
,,,5.772000000000,   0.01600,
,,,5.774000000000,   0.00000,
,,,5.776000000000,   0.01600,
,,,5.778000000000,   0.01600,
,,,5.780000000000,   0.00000,
,,,5.782000000000,   0.01600,
,,,5.784000000000,  -0.01600,
,,,5.786000000000,  -0.00800,
,,,5.788000000000,   0.00800,
,,,5.790000000000,   0.02400,
,,,5.792000000000,   0.00800,
,,,5.794000000000,   0.00000,
,,,5.796000000000,   0.00000,
,,,5.798000000000,   0.00000,
,,,5.800000000000,   0.01600,
,,,5.802000000000,   0.00000,
,,,5.804000000000,   0.00000,
,,,5.806000000000,  -0.00800,
,,,5.808000000000,   0.00000,
,,,5.810000000000,   0.00800,
,,,5.812000000000,   0.00800,
,,,5.814000000000,   0.00800,
,,,5.816000000000,   0.00800,
,,,5.818000000000,   0.00800,
,,,5.820000000000,  -0.01600,
,,,5.822000000000,   0.04000,
,,,5.824000000000,   0.00800,
,,,5.826000000000,  -0.00800,
,,,5.828000000000,   0.01600,
,,,5.830000000000,   0.00800,
,,,5.832000000000,  -0.00800,
,,,5.834000000000,   0.01600,
,,,5.836000000000,   0.01600,
,,,5.838000000000,   0.00000,
,,,5.840000000000,  -0.00800,
,,,5.842000000000,  -0.00800,
,,,5.844000000000,  -0.00800,
,,,5.846000000000,  -0.01600,
,,,5.848000000000,   0.00800,
,,,5.850000000000,  -0.01600,
,,,5.852000000000,   0.00000,
,,,5.854000000000,   0.00800,
,,,5.856000000000,   0.01600,
,,,5.858000000000,   0.00000,
,,,5.860000000000,   0.02400,
,,,5.862000000000,   0.00000,
,,,5.864000000000,  -0.00800,
,,,5.866000000000,   0.02400,
,,,5.868000000000,   0.01600,
,,,5.870000000000,   0.01600,
,,,5.872000000000,   0.01600,
,,,5.874000000000,   0.00000,
,,,5.876000000000,   0.01600,
,,,5.878000000000,  -0.01600,
,,,5.880000000000,   0.01600,
,,,5.882000000000,   0.00000,
,,,5.884000000000,   0.00000,
,,,5.886000000000,   0.00800,
,,,5.888000000000,   0.00800,
,,,5.890000000000,   0.03200,
,,,5.892000000000,   0.01600,
,,,5.894000000000,  -0.02400,
,,,5.896000000000,   0.01600,
,,,5.898000000000,   0.00000,
,,,5.900000000000,   0.00800,
,,,5.902000000000,   0.01600,
,,,5.904000000000,   0.01600,
,,,5.906000000000,  -0.02400,
,,,5.908000000000,   0.00000,
,,,5.910000000000,   0.00000,
,,,5.912000000000,   0.00800,
,,,5.914000000000,  -0.00800,
,,,5.916000000000,   0.01600,
,,,5.918000000000,   0.00800,
,,,5.920000000000,   0.00000,
,,,5.922000000000,   0.00800,
,,,5.924000000000,  -0.00800,
,,,5.926000000000,   0.02400,
,,,5.928000000000,   0.00800,
,,,5.930000000000,  -0.00800,
,,,5.932000000000,   0.00000,
,,,5.934000000000,   0.02400,
,,,5.936000000000,  -0.01600,
,,,5.938000000000,   0.00000,
,,,5.940000000000,   0.00800,
,,,5.942000000000,  -0.00800,
,,,5.944000000000,  -0.02400,
,,,5.946000000000,   0.01600,
,,,5.948000000000,   0.01600,
,,,5.950000000000,   0.00800,
,,,5.952000000000,   0.02400,
,,,5.954000000000,   0.00000,
,,,5.956000000000,   0.01600,
,,,5.958000000000,  -0.00800,
,,,5.960000000000,   0.00000,
,,,5.962000000000,   0.01600,
,,,5.964000000000,  -0.01600,
,,,5.966000000000,  -0.00800,
,,,5.968000000000,   0.00000,
,,,5.970000000000,   0.00000,
,,,5.972000000000,  -0.00800,
,,,5.974000000000,   0.00000,
,,,5.976000000000,  -0.00800,
,,,5.978000000000,   0.01600,
,,,5.980000000000,  -0.00800,
,,,5.982000000000,   0.02400,
,,,5.984000000000,   0.01600,
,,,5.986000000000,   0.02400,
,,,5.988000000000,   0.00000,
,,,5.990000000000,   0.00000,
,,,5.992000000000,   0.00800,
,,,5.994000000000,   0.00800,
,,,5.996000000000,   0.00000,
,,,5.998000000000,  -0.00800,
,,,6.000000000000,   0.44800,
,,,6.002000000000,   0.44000,
,,,6.004000000000,   0.44800,
,,,6.006000000000,   0.42400,
,,,6.008000000000,   0.40800,
,,,6.010000000000,   0.40800,
,,,6.012000000000,   0.38400,
,,,6.014000000000,   0.37600,
,,,6.016000000000,   0.36000,
,,,6.018000000000,   0.36800,
,,,6.020000000000,   0.34400,
,,,6.022000000000,   0.36000,
,,,6.024000000000,   0.34400,
,,,6.026000000000,   0.34400,
,,,6.028000000000,   0.31200,
,,,6.030000000000,   0.28800,
,,,6.032000000000,   0.29600,
,,,6.034000000000,   0.27200,
,,,6.036000000000,   0.27200,
,,,6.038000000000,   0.27200,
,,,6.040000000000,   0.26400,
,,,6.042000000000,   0.25600,
,,,6.044000000000,   0.24800,
,,,6.046000000000,   0.23200,
,,,6.048000000000,   0.24800,
,,,6.050000000000,   0.21600,
,,,6.052000000000,   0.24000,
,,,6.054000000000,   0.22400,
,,,6.056000000000,   0.22400,
,,,6.058000000000,   0.19200,
,,,6.060000000000,   0.20000,
,,,6.062000000000,   0.18400,
,,,6.064000000000,   0.20000,
,,,6.066000000000,   0.18400,
,,,6.068000000000,   0.19200,
,,,6.070000000000,   0.20800,
,,,6.072000000000,   0.19200,
,,,6.074000000000,   0.17600,
,,,6.076000000000,   0.16800,
,,,6.078000000000,   0.18400,
,,,6.080000000000,   0.16000,
,,,6.082000000000,   0.14400,
,,,6.084000000000,   0.16000,
,,,6.086000000000,   0.16000,
,,,6.088000000000,   0.15200,
,,,6.090000000000,   0.16000,
,,,6.092000000000,   0.12800,
,,,6.094000000000,   0.13600,
,,,6.096000000000,   0.13600,
,,,6.098000000000,   0.12000,
,,,6.100000000000,   0.13600,
,,,6.102000000000,   0.12800,
,,,6.104000000000,   0.10400,
,,,6.106000000000,   0.11200,
,,,6.108000000000,   0.10400,
,,,6.110000000000,   0.12000,
,,,6.112000000000,   0.12000,
,,,6.114000000000,   0.11200,
,,,6.116000000000,   0.09600,
,,,6.118000000000,   0.10400,
,,,6.120000000000,   0.10400,
,,,6.122000000000,   0.08000,
,,,6.124000000000,   0.10400,
,,,6.126000000000,   0.10400,
,,,6.128000000000,   0.08000,
,,,6.130000000000,   0.09600,
,,,6.132000000000,   0.09600,
,,,6.134000000000,   0.08000,
,,,6.136000000000,   0.08000,
,,,6.138000000000,   0.08000,
,,,6.140000000000,   0.07200,
,,,6.142000000000,   0.07200,
,,,6.144000000000,   0.08800,
,,,6.146000000000,   0.06400,
,,,6.148000000000,   0.06400,
,,,6.150000000000,   0.06400,
,,,6.152000000000,   0.07200,
,,,6.154000000000,   0.10400,
,,,6.156000000000,   0.05600,
,,,6.158000000000,   0.04000,
,,,6.160000000000,   0.07200,
,,,6.162000000000,   0.08000,
,,,6.164000000000,   0.08000,
,,,6.166000000000,   0.04000,
,,,6.168000000000,   0.04000,
,,,6.170000000000,   0.05600,
,,,6.172000000000,   0.04800,
,,,6.174000000000,   0.04800,
,,,6.176000000000,   0.04800,
,,,6.178000000000,   0.05600,
,,,6.180000000000,   0.05600,
,,,6.182000000000,   0.04800,
,,,6.184000000000,   0.04000,
,,,6.186000000000,   0.04800,
,,,6.188000000000,   0.04800,
,,,6.190000000000,   0.04800,
,,,6.192000000000,   0.06400,
,,,6.194000000000,   0.04000,
,,,6.196000000000,   0.04000,
,,,6.198000000000,   0.04800,
,,,6.200000000000,   0.03200,
,,,6.202000000000,   0.05600,
,,,6.204000000000,   0.03200,
,,,6.206000000000,   0.04800,
,,,6.208000000000,   0.02400,
,,,6.210000000000,   0.05600,
,,,6.212000000000,   0.04000,
,,,6.214000000000,   0.04000,
,,,6.216000000000,   0.01600,
,,,6.218000000000,   0.03200,
,,,6.220000000000,   0.04000,
,,,6.222000000000,   0.01600,
,,,6.224000000000,   0.06400,
,,,6.226000000000,   0.03200,
,,,6.228000000000,   0.01600,
,,,6.230000000000,   0.02400,
,,,6.232000000000,   0.04000,
,,,6.234000000000,   0.04000,
,,,6.236000000000,   0.01600,
,,,6.238000000000,   0.02400,
,,,6.240000000000,   0.04000,
,,,6.242000000000,   0.03200,
,,,6.244000000000,   0.03200,
,,,6.246000000000,   0.03200,
,,,6.248000000000,   0.00000,
,,,6.250000000000,   0.00800,
,,,6.252000000000,   0.03200,
,,,6.254000000000,   0.01600,
,,,6.256000000000,   0.02400,
,,,6.258000000000,   0.03200,
,,,6.260000000000,   0.00800,
,,,6.262000000000,   0.02400,
,,,6.264000000000,   0.04000,
,,,6.266000000000,   0.01600,
,,,6.268000000000,   0.01600,
,,,6.270000000000,   0.02400,
,,,6.272000000000,   0.01600,
,,,6.274000000000,   0.02400,
,,,6.276000000000,   0.04000,
,,,6.278000000000,   0.00800,
,,,6.280000000000,   0.02400,
,,,6.282000000000,   0.04000,
,,,6.284000000000,   0.01600,
,,,6.286000000000,   0.01600,
,,,6.288000000000,   0.03200,
,,,6.290000000000,   0.00800,
,,,6.292000000000,   0.00000,
,,,6.294000000000,   0.00000,
,,,6.296000000000,   0.01600,
,,,6.298000000000,   0.01600,
,,,6.300000000000,   0.00800,
,,,6.302000000000,   0.01600,
,,,6.304000000000,   0.00800,
,,,6.306000000000,   0.00800,
,,,6.308000000000,   0.00000,
,,,6.310000000000,   0.01600,
,,,6.312000000000,   0.03200,
,,,6.314000000000,   0.01600,
,,,6.316000000000,   0.01600,
,,,6.318000000000,   0.01600,
,,,6.320000000000,   0.03200,
,,,6.322000000000,   0.02400,
,,,6.324000000000,   0.02400,
,,,6.326000000000,   0.02400,
,,,6.328000000000,   0.00800,
,,,6.330000000000,   0.02400,
,,,6.332000000000,   0.01600,
,,,6.334000000000,   0.01600,
,,,6.336000000000,   0.01600,
,,,6.338000000000,   0.02400,
,,,6.340000000000,  -0.01600,
,,,6.342000000000,   0.01600,
,,,6.344000000000,   0.00000,
,,,6.346000000000,   0.03200,
,,,6.348000000000,   0.00800,
,,,6.350000000000,   0.00800,
,,,6.352000000000,   0.01600,
,,,6.354000000000,   0.01600,
,,,6.356000000000,   0.02400,
,,,6.358000000000,   0.00000,
,,,6.360000000000,   0.00800,
,,,6.362000000000,   0.00800,
,,,6.364000000000,   0.00000,
,,,6.366000000000,   0.00000,
,,,6.368000000000,   0.01600,
,,,6.370000000000,   0.00800,
,,,6.372000000000,  -0.00800,
,,,6.374000000000,   0.01600,
,,,6.376000000000,   0.00000,
,,,6.378000000000,   0.00000,
,,,6.380000000000,   0.03200,
,,,6.382000000000,   0.02400,
,,,6.384000000000,   0.02400,
,,,6.386000000000,   0.00000,
,,,6.388000000000,   0.00800,
,,,6.390000000000,   0.01600,
,,,6.392000000000,   0.00800,
,,,6.394000000000,   0.01600,
,,,6.396000000000,   0.00800,
,,,6.398000000000,   0.01600,
,,,6.400000000000,   0.02400,
,,,6.402000000000,   0.00800,
,,,6.404000000000,   0.01600,
,,,6.406000000000,   0.01600,
,,,6.408000000000,   0.03200,
,,,6.410000000000,   0.00000,
,,,6.412000000000,   0.00000,
,,,6.414000000000,   0.01600,
,,,6.416000000000,   0.00000,
,,,6.418000000000,   0.01600,
,,,6.420000000000,  -0.00800,
,,,6.422000000000,   0.02400,
,,,6.424000000000,   0.01600,
,,,6.426000000000,   0.00000,
,,,6.428000000000,   0.01600,
,,,6.430000000000,   0.00800,
,,,6.432000000000,   0.02400,
,,,6.434000000000,   0.03200,
,,,6.436000000000,   0.01600,
,,,6.438000000000,   0.00000,
,,,6.440000000000,   0.03200,
,,,6.442000000000,  -0.02400,
,,,6.444000000000,   0.01600,
,,,6.446000000000,   0.00000,
,,,6.448000000000,   0.00000,
,,,6.450000000000,   0.02400,
,,,6.452000000000,   0.02400,
,,,6.454000000000,   0.00800,
,,,6.456000000000,   0.00000,
,,,6.458000000000,   0.00000,
,,,6.460000000000,   0.01600,
,,,6.462000000000,   0.00800,
,,,6.464000000000,   0.00800,
,,,6.466000000000,  -0.01600,
,,,6.468000000000,   0.00000,
,,,6.470000000000,   0.00800,
,,,6.472000000000,   0.02400,
,,,6.474000000000,   0.01600,
,,,6.476000000000,  -0.00800,
,,,6.478000000000,   0.00800,
,,,6.480000000000,  -0.00800,
,,,6.482000000000,   0.01600,
,,,6.484000000000,   0.02400,
,,,6.486000000000,  -0.01600,
,,,6.488000000000,  -0.00800,
,,,6.490000000000,  -0.00800,
,,,6.492000000000,   0.02400,
,,,6.494000000000,   0.00000,
,,,6.496000000000,  -0.01600,
,,,6.498000000000,   0.00800,
,,,6.500000000000,  -0.00800,
,,,6.502000000000,  -0.02400,
,,,6.504000000000,   0.02400,
,,,6.506000000000,   0.00800,
,,,6.508000000000,   0.00000,
,,,6.510000000000,   0.00000,
,,,6.512000000000,   0.00800,
,,,6.514000000000,  -0.00800,
,,,6.516000000000,  -0.02400,
,,,6.518000000000,   0.01600,
,,,6.520000000000,  -0.00800,
,,,6.522000000000,   0.01600,
,,,6.524000000000,  -0.01600,
,,,6.526000000000,   0.02400,
,,,6.528000000000,  -0.00800,
,,,6.530000000000,   0.00800,
,,,6.532000000000,  -0.01600,
,,,6.534000000000,   0.00000,
,,,6.536000000000,   0.00000,
,,,6.538000000000,   0.00000,
,,,6.540000000000,   0.01600,
,,,6.542000000000,   0.00800,
,,,6.544000000000,   0.00000,
,,,6.546000000000,   0.00800,
,,,6.548000000000,  -0.01600,
,,,6.550000000000,   0.00800,
,,,6.552000000000,   0.00000,
,,,6.554000000000,   0.00000,
,,,6.556000000000,   0.00000,
,,,6.558000000000,   0.00800,
,,,6.560000000000,   0.00800,
,,,6.562000000000,   0.00800,
,,,6.564000000000,   0.02400,
,,,6.566000000000,   0.01600,
,,,6.568000000000,   0.00000,
,,,6.570000000000,   0.01600,
,,,6.572000000000,   0.00000,
,,,6.574000000000,   0.00000,
,,,6.576000000000,  -0.01600,
,,,6.578000000000,  -0.02400,
,,,6.580000000000,  -0.02400,
,,,6.582000000000,   0.00000,
,,,6.584000000000,   0.01600,
,,,6.586000000000,   0.01600,
,,,6.588000000000,   0.00800,
,,,6.590000000000,   0.00000,
,,,6.592000000000,   0.00000,
,,,6.594000000000,   0.01600,
,,,6.596000000000,   0.01600,
,,,6.598000000000,  -0.00800,
,,,6.600000000000,  -0.00800,
,,,6.602000000000,   0.01600,
,,,6.604000000000,   0.00000,
,,,6.606000000000,   0.01600,
,,,6.608000000000,  -0.00800,
,,,6.610000000000,  -0.00800,
,,,6.612000000000,   0.00000,
,,,6.614000000000,   0.01600,
,,,6.616000000000,   0.03200,
,,,6.618000000000,  -0.00800,
,,,6.620000000000,  -0.00800,
,,,6.622000000000,   0.01600,
,,,6.624000000000,   0.01600,
,,,6.626000000000,   0.00800,
,,,6.628000000000,   0.02400,
,,,6.630000000000,   0.00800,
,,,6.632000000000,  -0.01600,
,,,6.634000000000,  -0.01600,
,,,6.636000000000,   0.01600,
,,,6.638000000000,   0.02400,
,,,6.640000000000,  -0.00800,
,,,6.642000000000,   0.00000,
,,,6.644000000000,   0.01600,
,,,6.646000000000,   0.01600,
,,,6.648000000000,  -0.00800,
,,,6.650000000000,  -0.00800,
,,,6.652000000000,  -0.00800,
,,,6.654000000000,  -0.00800,
,,,6.656000000000,   0.00000,
,,,6.658000000000,  -0.00800,
,,,6.660000000000,   0.00000,
,,,6.662000000000,   0.00000,
,,,6.664000000000,   0.00800,
,,,6.666000000000,   0.00000,
,,,6.668000000000,  -0.00800,
,,,6.670000000000,  -0.00800,
,,,6.672000000000,   0.00800,
,,,6.674000000000,   0.00000,
,,,6.676000000000,  -0.01600,
,,,6.678000000000,   0.00000,
,,,6.680000000000,   0.01600,
,,,6.682000000000,   0.00000,
,,,6.684000000000,  -0.00800,
,,,6.686000000000,   0.00800,
,,,6.688000000000,  -0.01600,
,,,6.690000000000,   0.02400,
,,,6.692000000000,  -0.00800,
,,,6.694000000000,   0.00800,
,,,6.696000000000,   0.00000,
,,,6.698000000000,   0.01600,
,,,6.700000000000,  -0.00800,
,,,6.702000000000,  -0.00800,
,,,6.704000000000,   0.00000,
,,,6.706000000000,   0.00000,
,,,6.708000000000,   0.02400,
,,,6.710000000000,   0.00000,
,,,6.712000000000,   0.01600,
,,,6.714000000000,  -0.01600,
,,,6.716000000000,  -0.00800,
,,,6.718000000000,  -0.00800,
,,,6.720000000000,   0.00800,
,,,6.722000000000,   0.00800,
,,,6.724000000000,  -0.01600,
,,,6.726000000000,   0.00800,
,,,6.728000000000,   0.00000,
,,,6.730000000000,   0.00800,
,,,6.732000000000,   0.00000,
,,,6.734000000000,   0.00800,
,,,6.736000000000,   0.01600,
,,,6.738000000000,   0.02400,
,,,6.740000000000,   0.03200,
,,,6.742000000000,  -0.00800,
,,,6.744000000000,  -0.01600,
,,,6.746000000000,  -0.00800,
,,,6.748000000000,   0.01600,
,,,6.750000000000,   0.00000,
,,,6.752000000000,   0.01600,
,,,6.754000000000,   0.02400,
,,,6.756000000000,   0.00000,
,,,6.758000000000,  -0.01600,
,,,6.760000000000,   0.00800,
,,,6.762000000000,   0.00000,
,,,6.764000000000,  -0.01600,
,,,6.766000000000,   0.00800,
,,,6.768000000000,   0.00800,
,,,6.770000000000,   0.00000,
,,,6.772000000000,  -0.00800,
,,,6.774000000000,   0.00800,
,,,6.776000000000,  -0.00800,
,,,6.778000000000,  -0.01600,
,,,6.780000000000,   0.01600,
,,,6.782000000000,   0.00000,
,,,6.784000000000,  -0.02400,
,,,6.786000000000,   0.00800,
,,,6.788000000000,  -0.00800,
,,,6.790000000000,  -0.01600,
,,,6.792000000000,   0.00000,
,,,6.794000000000,   0.00800,
,,,6.796000000000,   0.01600,
,,,6.798000000000,   0.00800,
,,,6.800000000000,   0.00000,
,,,6.802000000000,  -0.00800,
,,,6.804000000000,   0.01600,
,,,6.806000000000,   0.01600,
,,,6.808000000000,   0.00800,
,,,6.810000000000,   0.00000,
,,,6.812000000000,   0.00000,
,,,6.814000000000,   0.02400,
,,,6.816000000000,   0.00800,
,,,6.818000000000,   0.00000,
,,,6.820000000000,   0.01600,
,,,6.822000000000,   0.00000,
,,,6.824000000000,   0.01600,
,,,6.826000000000,   0.00000,
,,,6.828000000000,   0.00000,
,,,6.830000000000,   0.00000,
,,,6.832000000000,   0.00800,
,,,6.834000000000,   0.00000,
,,,6.836000000000,  -0.03200,
,,,6.838000000000,   0.00800,
,,,6.840000000000,   0.01600,
,,,6.842000000000,  -0.00800,
,,,6.844000000000,   0.00000,
,,,6.846000000000,   0.00000,
,,,6.848000000000,  -0.00800,
,,,6.850000000000,   0.00800,
,,,6.852000000000,  -0.00800,
,,,6.854000000000,  -0.00800,
,,,6.856000000000,  -0.01600,
,,,6.858000000000,   0.01600,
,,,6.860000000000,   0.01600,
,,,6.862000000000,   0.01600,
,,,6.864000000000,   0.01600,
,,,6.866000000000,  -0.00800,
,,,6.868000000000,   0.00800,
,,,6.870000000000,  -0.00800,
,,,6.872000000000,   0.00000,
,,,6.874000000000,  -0.00800,
,,,6.876000000000,   0.02400,
,,,6.878000000000,   0.02400,
,,,6.880000000000,   0.01600,
,,,6.882000000000,  -0.00800,
,,,6.884000000000,  -0.01600,
,,,6.886000000000,  -0.00800,
,,,6.888000000000,  -0.00800,
,,,6.890000000000,   0.00000,
,,,6.892000000000,   0.01600,
,,,6.894000000000,   0.02400,
,,,6.896000000000,  -0.00800,
,,,6.898000000000,   0.00000,
,,,6.900000000000,   0.01600,
,,,6.902000000000,   0.00800,
,,,6.904000000000,   0.00800,
,,,6.906000000000,  -0.00800,
,,,6.908000000000,  -0.00800,
,,,6.910000000000,  -0.01600,
,,,6.912000000000,   0.01600,
,,,6.914000000000,   0.00800,
,,,6.916000000000,   0.01600,
,,,6.918000000000,   0.01600,
,,,6.920000000000,  -0.00800,
,,,6.922000000000,   0.02400,
,,,6.924000000000,   0.01600,
,,,6.926000000000,  -0.00800,
,,,6.928000000000,   0.01600,
,,,6.930000000000,   0.01600,
,,,6.932000000000,   0.00000,
,,,6.934000000000,   0.00000,
,,,6.936000000000,   0.01600,
,,,6.938000000000,  -0.00800,
,,,6.940000000000,   0.02400,
,,,6.942000000000,   0.00000,
,,,6.944000000000,   0.02400,
,,,6.946000000000,   0.01600,
,,,6.948000000000,  -0.00800,
,,,6.950000000000,   0.00000,
,,,6.952000000000,  -0.01600,
,,,6.954000000000,   0.00800,
,,,6.956000000000,  -0.02400,
,,,6.958000000000,   0.00800,
,,,6.960000000000,  -0.01600,
,,,6.962000000000,  -0.00800,
,,,6.964000000000,   0.00800,
,,,6.966000000000,  -0.00800,
,,,6.968000000000,   0.01600,
,,,6.970000000000,  -0.00800,
,,,6.972000000000,  -0.00800,
,,,6.974000000000,  -0.01600,
,,,6.976000000000,  -0.00800,
,,,6.978000000000,   0.00000,
,,,6.980000000000,   0.00000,
,,,6.982000000000,   0.00000,
,,,6.984000000000,  -0.01600,
,,,6.986000000000,   0.00000,
,,,6.988000000000,  -0.00800,
,,,6.990000000000,   0.00000,
,,,6.992000000000,  -0.01600,
,,,6.994000000000,   0.02400,
,,,6.996000000000,   0.00800,
,,,6.998000000000,   0.00000,
,,,7.000000000000,  -0.46400,
,,,7.002000000000,  -0.45600,
,,,7.004000000000,  -0.44000,
,,,7.006000000000,  -0.41600,
,,,7.008000000000,  -0.39200,
,,,7.010000000000,  -0.40000,
,,,7.012000000000,  -0.39200,
,,,7.014000000000,  -0.37600,
,,,7.016000000000,  -0.36800,
,,,7.018000000000,  -0.34400,
,,,7.020000000000,  -0.33600,
,,,7.022000000000,  -0.32800,
,,,7.024000000000,  -0.35200,
,,,7.026000000000,  -0.31200,
,,,7.028000000000,  -0.31200,
,,,7.030000000000,  -0.28800,
,,,7.032000000000,  -0.28800,
,,,7.034000000000,  -0.28000,
,,,7.036000000000,  -0.27200,
,,,7.038000000000,  -0.27200,
,,,7.040000000000,  -0.26400,
,,,7.042000000000,  -0.24800,
,,,7.044000000000,  -0.25600,
,,,7.046000000000,  -0.23200,
,,,7.048000000000,  -0.22400,
,,,7.050000000000,  -0.21600,
,,,7.052000000000,  -0.21600,
,,,7.054000000000,  -0.21600,
,,,7.056000000000,  -0.20800,
,,,7.058000000000,  -0.20000,
,,,7.060000000000,  -0.21600,
,,,7.062000000000,  -0.20800,
,,,7.064000000000,  -0.20800,
,,,7.066000000000,  -0.18400,
,,,7.068000000000,  -0.18400,
,,,7.070000000000,  -0.21600,
,,,7.072000000000,  -0.16800,
,,,7.074000000000,  -0.17600,
,,,7.076000000000,  -0.16000,
,,,7.078000000000,  -0.15200,
,,,7.080000000000,  -0.13600,
,,,7.082000000000,  -0.16000,
,,,7.084000000000,  -0.15200,
,,,7.086000000000,  -0.14400,
,,,7.088000000000,  -0.13600,
,,,7.090000000000,  -0.13600,
,,,7.092000000000,  -0.14400,
,,,7.094000000000,  -0.13600,
,,,7.096000000000,  -0.12000,
,,,7.098000000000,  -0.12000,
,,,7.100000000000,  -0.12800,
,,,7.102000000000,  -0.11200,
,,,7.104000000000,  -0.12000,
,,,7.106000000000,  -0.11200,
,,,7.108000000000,  -0.12000,
,,,7.110000000000,  -0.10400,
,,,7.112000000000,  -0.11200,
,,,7.114000000000,  -0.08000,
,,,7.116000000000,  -0.12000,
,,,7.118000000000,  -0.09600,
,,,7.120000000000,  -0.10400,
,,,7.122000000000,  -0.08800,
,,,7.124000000000,  -0.10400,
,,,7.126000000000,  -0.09600,
,,,7.128000000000,  -0.08800,
,,,7.130000000000,  -0.08000,
,,,7.132000000000,  -0.06400,
,,,7.134000000000,  -0.08000,
,,,7.136000000000,  -0.08800,
,,,7.138000000000,  -0.07200,
,,,7.140000000000,  -0.08800,
,,,7.142000000000,  -0.06400,
,,,7.144000000000,  -0.04000,
,,,7.146000000000,  -0.04000,
,,,7.148000000000,  -0.06400,
,,,7.150000000000,  -0.06400,
,,,7.152000000000,  -0.04000,
,,,7.154000000000,  -0.05600,
,,,7.156000000000,  -0.06400,
,,,7.158000000000,  -0.05600,
,,,7.160000000000,  -0.04000,
,,,7.162000000000,  -0.04000,
,,,7.164000000000,  -0.05600,
,,,7.166000000000,  -0.04800,
,,,7.168000000000,  -0.04000,
,,,7.170000000000,  -0.04800,
,,,7.172000000000,  -0.06400,
,,,7.174000000000,  -0.04000,
,,,7.176000000000,  -0.03200,
,,,7.178000000000,  -0.04800,
,,,7.180000000000,  -0.03200,
,,,7.182000000000,  -0.05600,
,,,7.184000000000,  -0.05600,
,,,7.186000000000,  -0.03200,
,,,7.188000000000,  -0.06400,
,,,7.190000000000,  -0.02400,
,,,7.192000000000,  -0.02400,
,,,7.194000000000,  -0.04800,
,,,7.196000000000,  -0.03200,
,,,7.198000000000,  -0.06400,
,,,7.200000000000,  -0.05600,
,,,7.202000000000,  -0.05600,
,,,7.204000000000,  -0.04000,
,,,7.206000000000,  -0.03200,
,,,7.208000000000,  -0.03200,
,,,7.210000000000,  -0.01600,
,,,7.212000000000,  -0.00800,
,,,7.214000000000,  -0.01600,
,,,7.216000000000,  -0.04000,
,,,7.218000000000,  -0.03200,
,,,7.220000000000,  -0.02400,
,,,7.222000000000,  -0.04000,
,,,7.224000000000,  -0.04000,
,,,7.226000000000,  -0.02400,
,,,7.228000000000,  -0.01600,
,,,7.230000000000,  -0.01600,
,,,7.232000000000,   0.00000,
,,,7.234000000000,  -0.00800,
,,,7.236000000000,  -0.02400,
,,,7.238000000000,  -0.02400,
,,,7.240000000000,   0.00000,
,,,7.242000000000,  -0.03200,
,,,7.244000000000,  -0.03200,
,,,7.246000000000,  -0.02400,
,,,7.248000000000,  -0.01600,
,,,7.250000000000,  -0.03200,
,,,7.252000000000,  -0.00800,
,,,7.254000000000,  -0.03200,
,,,7.256000000000,  -0.00800,
,,,7.258000000000,  -0.01600,
,,,7.260000000000,  -0.01600,
,,,7.262000000000,  -0.02400,
,,,7.264000000000,   0.00000,
,,,7.266000000000,  -0.00800,
,,,7.268000000000,  -0.00800,
,,,7.270000000000,  -0.00800,
,,,7.272000000000,  -0.02400,
,,,7.274000000000,  -0.02400,
,,,7.276000000000,   0.00000,
,,,7.278000000000,   0.00000,
,,,7.280000000000,  -0.00800,
,,,7.282000000000,  -0.01600,
,,,7.284000000000,   0.00000,
,,,7.286000000000,  -0.00800,
,,,7.288000000000,  -0.02400,
,,,7.290000000000,  -0.00800,
,,,7.292000000000,  -0.03200,
,,,7.294000000000,  -0.00800,
,,,7.296000000000,   0.00000,
,,,7.298000000000,  -0.01600,
,,,7.300000000000,  -0.01600,
,,,7.302000000000,  -0.02400,
,,,7.304000000000,  -0.01600,
,,,7.306000000000,  -0.00800,
,,,7.308000000000,  -0.01600,
,,,7.310000000000,  -0.00800,
,,,7.312000000000,   0.00000,
,,,7.314000000000,  -0.03200,
,,,7.316000000000,  -0.00800,
,,,7.318000000000,   0.00000,
,,,7.320000000000,   0.00000,
,,,7.322000000000,   0.01600,
,,,7.324000000000,   0.00000,
,,,7.326000000000,  -0.00800,
,,,7.328000000000,  -0.03200,
,,,7.330000000000,   0.00000,
,,,7.332000000000,  -0.01600,
,,,7.334000000000,   0.00800,
,,,7.336000000000,   0.00000,
,,,7.338000000000,   0.00800,
,,,7.340000000000,  -0.00800,
,,,7.342000000000,  -0.00800,
,,,7.344000000000,   0.00000,
,,,7.346000000000,   0.01600,
,,,7.348000000000,   0.00800,
,,,7.350000000000,  -0.01600,
,,,7.352000000000,   0.00000,
,,,7.354000000000,  -0.00800,
,,,7.356000000000,  -0.00800,
,,,7.358000000000,  -0.00800,
,,,7.360000000000,  -0.01600,
,,,7.362000000000,   0.00000,
,,,7.364000000000,   0.01600,
,,,7.366000000000,  -0.01600,
,,,7.368000000000,  -0.03200,
,,,7.370000000000,   0.00800,
,,,7.372000000000,   0.01600,
,,,7.374000000000,  -0.00800,
,,,7.376000000000,   0.00800,
,,,7.378000000000,   0.00000,
,,,7.380000000000,   0.00800,
,,,7.382000000000,   0.00000,
,,,7.384000000000,   0.00800,
,,,7.386000000000,   0.00000,
,,,7.388000000000,   0.01600,
,,,7.390000000000,  -0.00800,
,,,7.392000000000,   0.00000,
,,,7.394000000000,  -0.01600,
,,,7.396000000000,  -0.00800,
,,,7.398000000000,  -0.03200,
,,,7.400000000000,   0.00000,
,,,7.402000000000,   0.00000,
,,,7.404000000000,   0.00000,
,,,7.406000000000,  -0.02400,
,,,7.408000000000,   0.00000,
,,,7.410000000000,  -0.01600,
,,,7.412000000000,  -0.00800,
,,,7.414000000000,   0.00000,
,,,7.416000000000,  -0.00800,
,,,7.418000000000,  -0.00800,
,,,7.420000000000,  -0.00800,
,,,7.422000000000,   0.00800,
,,,7.424000000000,  -0.01600,
,,,7.426000000000,   0.00000,
,,,7.428000000000,   0.01600,
,,,7.430000000000,   0.00800,
,,,7.432000000000,   0.00000,
,,,7.434000000000,   0.00000,
,,,7.436000000000,  -0.01600,
,,,7.438000000000,   0.01600,
,,,7.440000000000,   0.00000,
,,,7.442000000000,   0.00800,
,,,7.444000000000,   0.00800,
,,,7.446000000000,   0.01600,
,,,7.448000000000,  -0.01600,
,,,7.450000000000,  -0.00800,
,,,7.452000000000,   0.01600,
,,,7.454000000000,   0.00000,
,,,7.456000000000,  -0.00800,
,,,7.458000000000,  -0.00800,
,,,7.460000000000,  -0.01600,
,,,7.462000000000,   0.00000,
,,,7.464000000000,   0.01600,
,,,7.466000000000,   0.00000,
,,,7.468000000000,   0.01600,
,,,7.470000000000,   0.00800,
,,,7.472000000000,   0.00800,
,,,7.474000000000,   0.00800,
,,,7.476000000000,   0.01600,
,,,7.478000000000,   0.00800,
,,,7.480000000000,   0.02400,
,,,7.482000000000,   0.00000,
,,,7.484000000000,  -0.00800,
,,,7.486000000000,   0.01600,
,,,7.488000000000,   0.02400,
,,,7.490000000000,  -0.00800,
,,,7.492000000000,   0.00800,
,,,7.494000000000,   0.00000,
,,,7.496000000000,   0.00800,
,,,7.498000000000,   0.00800,
,,,7.500000000000,  -0.00800,
,,,7.502000000000,   0.00800,
,,,7.504000000000,  -0.02400,
,,,7.506000000000,  -0.02400,
,,,7.508000000000,  -0.03200,
,,,7.510000000000,  -0.00800,
,,,7.512000000000,  -0.02400,
,,,7.514000000000,  -0.01600,
,,,7.516000000000,   0.00000,
,,,7.518000000000,   0.00000,
,,,7.520000000000,   0.00800,
,,,7.522000000000,   0.00000,
,,,7.524000000000,  -0.00800,
,,,7.526000000000,   0.02400,
,,,7.528000000000,   0.01600,
,,,7.530000000000,  -0.00800,
,,,7.532000000000,   0.01600,
,,,7.534000000000,   0.00800,
,,,7.536000000000,   0.00000,
,,,7.538000000000,   0.00000,
,,,7.540000000000,  -0.00800,
,,,7.542000000000,  -0.00800,
,,,7.544000000000,   0.00000,
,,,7.546000000000,   0.02400,
,,,7.548000000000,   0.00800,
,,,7.550000000000,  -0.00800,
,,,7.552000000000,   0.00000,
,,,7.554000000000,   0.01600,
,,,7.556000000000,   0.01600,
,,,7.558000000000,  -0.00800,
,,,7.560000000000,   0.00800,
,,,7.562000000000,   0.00000,
,,,7.564000000000,   0.00800,
,,,7.566000000000,  -0.00800,
,,,7.568000000000,   0.01600,
,,,7.570000000000,   0.01600,
,,,7.572000000000,   0.02400,
,,,7.574000000000,   0.00000,
,,,7.576000000000,   0.01600,
,,,7.578000000000,   0.00800,
,,,7.580000000000,   0.01600,
,,,7.582000000000,   0.01600,
,,,7.584000000000,   0.00800,
,,,7.586000000000,  -0.00800,
,,,7.588000000000,   0.01600,
,,,7.590000000000,   0.01600,
,,,7.592000000000,   0.02400,
,,,7.594000000000,   0.01600,
,,,7.596000000000,  -0.00800,
,,,7.598000000000,   0.01600,
,,,7.600000000000,  -0.00800,
,,,7.602000000000,   0.00000,
,,,7.604000000000,   0.00000,
,,,7.606000000000,   0.00800,
,,,7.608000000000,   0.02400,
,,,7.610000000000,   0.01600,
,,,7.612000000000,   0.00000,
,,,7.614000000000,  -0.01600,
,,,7.616000000000,   0.01600,
,,,7.618000000000,   0.01600,
,,,7.620000000000,   0.00000,
,,,7.622000000000,  -0.00800,
,,,7.624000000000,   0.00800,
,,,7.626000000000,   0.00800,
,,,7.628000000000,   0.01600,
,,,7.630000000000,   0.00000,
,,,7.632000000000,   0.00800,
,,,7.634000000000,   0.03200,
,,,7.636000000000,  -0.00800,
,,,7.638000000000,   0.00800,
,,,7.640000000000,   0.00000,
,,,7.642000000000,  -0.00800,
,,,7.644000000000,   0.00000,
,,,7.646000000000,   0.00000,
,,,7.648000000000,   0.00000,
,,,7.650000000000,   0.00800,
,,,7.652000000000,   0.01600,
,,,7.654000000000,   0.01600,
,,,7.656000000000,  -0.00800,
,,,7.658000000000,   0.00000,
,,,7.660000000000,   0.00000,
,,,7.662000000000,   0.00000,
,,,7.664000000000,  -0.00800,
,,,7.666000000000,   0.00800,
,,,7.668000000000,  -0.00800,
,,,7.670000000000,   0.00800,
,,,7.672000000000,   0.00000,
,,,7.674000000000,   0.02400,
,,,7.676000000000,  -0.02400,
,,,7.678000000000,   0.01600,
,,,7.680000000000,   0.01600,
,,,7.682000000000,  -0.00800,
,,,7.684000000000,  -0.01600,
,,,7.686000000000,   0.01600,
,,,7.688000000000,   0.01600,
,,,7.690000000000,   0.00000,
,,,7.692000000000,   0.01600,
,,,7.694000000000,   0.00000,
,,,7.696000000000,  -0.00800,
,,,7.698000000000,   0.00000,
,,,7.700000000000,   0.00800,
,,,7.702000000000,  -0.00800,
,,,7.704000000000,  -0.00800,
,,,7.706000000000,   0.00000,
,,,7.708000000000,  -0.01600,
,,,7.710000000000,   0.00000,
,,,7.712000000000,  -0.00800,
,,,7.714000000000,  -0.01600,
,,,7.716000000000,   0.00000,
,,,7.718000000000,   0.01600,
,,,7.720000000000,   0.00000,
,,,7.722000000000,   0.00800,
,,,7.724000000000,   0.00000,
,,,7.726000000000,  -0.01600,
,,,7.728000000000,   0.00800,
,,,7.730000000000,   0.00000,
,,,7.732000000000,   0.01600,
,,,7.734000000000,   0.02400,
,,,7.736000000000,  -0.01600,
,,,7.738000000000,   0.00800,
,,,7.740000000000,   0.00800,
,,,7.742000000000,   0.00800,
,,,7.744000000000,   0.01600,
,,,7.746000000000,   0.00000,
,,,7.748000000000,   0.02400,
,,,7.750000000000,   0.00000,
,,,7.752000000000,   0.00800,
,,,7.754000000000,   0.00800,
,,,7.756000000000,   0.00000,
,,,7.758000000000,   0.02400,
,,,7.760000000000,   0.00000,
,,,7.762000000000,   0.00000,
,,,7.764000000000,   0.02400,
,,,7.766000000000,   0.00000,
,,,7.768000000000,   0.01600,
,,,7.770000000000,   0.00000,
,,,7.772000000000,   0.00800,
,,,7.774000000000,   0.00800,
,,,7.776000000000,  -0.00800,
,,,7.778000000000,   0.00800,
,,,7.780000000000,   0.00000,
,,,7.782000000000,   0.00000,
,,,7.784000000000,  -0.01600,
,,,7.786000000000,  -0.00800,
,,,7.788000000000,  -0.00800,
,,,7.790000000000,   0.00000,
,,,7.792000000000,   0.01600,
,,,7.794000000000,   0.01600,
,,,7.796000000000,   0.01600,
,,,7.798000000000,   0.01600,
,,,7.800000000000,   0.00800,
,,,7.802000000000,   0.00000,
,,,7.804000000000,   0.01600,
,,,7.806000000000,   0.01600,
,,,7.808000000000,   0.00000,
,,,7.810000000000,  -0.00800,
,,,7.812000000000,  -0.00800,
,,,7.814000000000,   0.00000,
,,,7.816000000000,  -0.00800,
,,,7.818000000000,   0.00000,
,,,7.820000000000,   0.01600,
,,,7.822000000000,   0.00800,
,,,7.824000000000,   0.00000,
,,,7.826000000000,   0.01600,
,,,7.828000000000,  -0.02400,
,,,7.830000000000,   0.00800,
,,,7.832000000000,   0.00800,
,,,7.834000000000,   0.00000,
,,,7.836000000000,  -0.01600,
,,,7.838000000000,   0.01600,
,,,7.840000000000,  -0.00800,
,,,7.842000000000,   0.00000,
,,,7.844000000000,   0.01600,
,,,7.846000000000,   0.00000,
,,,7.848000000000,   0.01600,
,,,7.850000000000,   0.00800,
,,,7.852000000000,  -0.01600,
,,,7.854000000000,   0.00000,
,,,7.856000000000,  -0.00800,
,,,7.858000000000,   0.01600,
,,,7.860000000000,   0.00000,
,,,7.862000000000,   0.00000,
,,,7.864000000000,  -0.00800,
,,,7.866000000000,   0.01600,
,,,7.868000000000,   0.00000,
,,,7.870000000000,   0.00000,
,,,7.872000000000,   0.01600,
,,,7.874000000000,   0.00000,
,,,7.876000000000,   0.01600,
,,,7.878000000000,   0.00000,
,,,7.880000000000,  -0.00800,
,,,7.882000000000,   0.02400,
,,,7.884000000000,  -0.00800,
,,,7.886000000000,   0.00800,
,,,7.888000000000,  -0.00800,
,,,7.890000000000,   0.01600,
,,,7.892000000000,   0.01600,
,,,7.894000000000,  -0.00800,
,,,7.896000000000,   0.01600,
,,,7.898000000000,  -0.00800,
,,,7.900000000000,   0.00800,
,,,7.902000000000,   0.01600,
,,,7.904000000000,  -0.00800,
,,,7.906000000000,   0.00000,
,,,7.908000000000,   0.00800,
,,,7.910000000000,  -0.01600,
,,,7.912000000000,   0.01600,
,,,7.914000000000,   0.00800,
,,,7.916000000000,   0.00000,
,,,7.918000000000,   0.00000,
,,,7.920000000000,   0.00000,
,,,7.922000000000,  -0.00800,
,,,7.924000000000,  -0.01600,
,,,7.926000000000,   0.00800,
,,,7.928000000000,  -0.00800,
,,,7.930000000000,  -0.00800,
,,,7.932000000000,   0.00000,
,,,7.934000000000,  -0.01600,
,,,7.936000000000,  -0.00800,
,,,7.938000000000,   0.00800,
,,,7.940000000000,  -0.01600,
,,,7.942000000000,   0.00000,
,,,7.944000000000,   0.00800,
,,,7.946000000000,   0.01600,
,,,7.948000000000,   0.01600,
,,,7.950000000000,   0.02400,
,,,7.952000000000,   0.01600,
,,,7.954000000000,   0.01600,
,,,7.956000000000,   0.02400,
,,,7.958000000000,   0.01600,
,,,7.960000000000,   0.00000,
,,,7.962000000000,   0.01600,
,,,7.964000000000,   0.01600,
,,,7.966000000000,   0.00000,
,,,7.968000000000,   0.00000,
,,,7.970000000000,   0.01600,
,,,7.972000000000,  -0.00800,
,,,7.974000000000,   0.00000,
,,,7.976000000000,  -0.00800,
,,,7.978000000000,  -0.01600,
,,,7.980000000000,   0.02400,
,,,7.982000000000,   0.00000,
,,,7.984000000000,   0.00000,
,,,7.986000000000,   0.00000,
,,,7.988000000000,  -0.01600,
,,,7.990000000000,   0.00000,
,,,7.992000000000,   0.01600,
,,,7.994000000000,  -0.00800,
,,,7.996000000000,   0.01600,
,,,7.998000000000,   0.00000,
,,,8.000000000000,   0.45600,
,,,8.002000000000,   0.43200,
,,,8.004000000000,   0.40800,
,,,8.006000000000,   0.43200,
,,,8.008000000000,   0.40800,
,,,8.010000000000,   0.40000,
,,,8.012000000000,   0.36800,
,,,8.014000000000,   0.39200,
,,,8.016000000000,   0.36800,
,,,8.018000000000,   0.34400,
,,,8.020000000000,   0.34400,
,,,8.022000000000,   0.34400,
,,,8.024000000000,   0.32000,
,,,8.026000000000,   0.32800,
,,,8.028000000000,   0.31200,
,,,8.030000000000,   0.29600,
,,,8.032000000000,   0.30400,
,,,8.034000000000,   0.28000,
,,,8.036000000000,   0.28000,
,,,8.038000000000,   0.28800,
,,,8.040000000000,   0.27200,
,,,8.042000000000,   0.26400,
,,,8.044000000000,   0.26400,
,,,8.046000000000,   0.22400,
,,,8.048000000000,   0.25600,
,,,8.050000000000,   0.24800,
,,,8.052000000000,   0.22400,
,,,8.054000000000,   0.22400,
,,,8.056000000000,   0.22400,
,,,8.058000000000,   0.21600,
,,,8.060000000000,   0.20000,
,,,8.062000000000,   0.20800,
,,,8.064000000000,   0.20800,
,,,8.066000000000,   0.18400,
,,,8.068000000000,   0.18400,
,,,8.070000000000,   0.18400,
,,,8.072000000000,   0.16000,
,,,8.074000000000,   0.16000,
,,,8.076000000000,   0.16000,
,,,8.078000000000,   0.14400,
,,,8.080000000000,   0.16000,
,,,8.082000000000,   0.15200,
,,,8.084000000000,   0.15200,
,,,8.086000000000,   0.15200,
,,,8.088000000000,   0.14400,
,,,8.090000000000,   0.13600,
,,,8.092000000000,   0.16000,
,,,8.094000000000,   0.12000,
,,,8.096000000000,   0.12000,
,,,8.098000000000,   0.12800,
,,,8.100000000000,   0.14400,
,,,8.102000000000,   0.12800,
,,,8.104000000000,   0.10400,
,,,8.106000000000,   0.11200,
,,,8.108000000000,   0.11200,
,,,8.110000000000,   0.12800,
,,,8.112000000000,   0.10400,
,,,8.114000000000,   0.11200,
,,,8.116000000000,   0.11200,
,,,8.118000000000,   0.10400,
,,,8.120000000000,   0.09600,
,,,8.122000000000,   0.08800,
,,,8.124000000000,   0.10400,
,,,8.126000000000,   0.09600,
,,,8.128000000000,   0.10400,
,,,8.130000000000,   0.08000,
,,,8.132000000000,   0.09600,
,,,8.134000000000,   0.05600,
,,,8.136000000000,   0.08800,
,,,8.138000000000,   0.07200,
,,,8.140000000000,   0.06400,
,,,8.142000000000,   0.06400,
,,,8.144000000000,   0.08000,
,,,8.146000000000,   0.07200,
,,,8.148000000000,   0.06400,
,,,8.150000000000,   0.08000,
,,,8.152000000000,   0.06400,
,,,8.154000000000,   0.08000,
,,,8.156000000000,   0.08000,
,,,8.158000000000,   0.07200,
,,,8.160000000000,   0.04800,
,,,8.162000000000,   0.05600,
,,,8.164000000000,   0.04800,
,,,8.166000000000,   0.05600,
,,,8.168000000000,   0.07200,
,,,8.170000000000,   0.07200,
,,,8.172000000000,   0.04000,
,,,8.174000000000,   0.04000,
,,,8.176000000000,   0.07200,
,,,8.178000000000,   0.06400,
,,,8.180000000000,   0.04000,
,,,8.182000000000,   0.04800,
,,,8.184000000000,   0.04800,
,,,8.186000000000,   0.05600,
,,,8.188000000000,   0.02400,
,,,8.190000000000,   0.05600,
,,,8.192000000000,   0.04800,
,,,8.194000000000,   0.04800,
,,,8.196000000000,   0.05600,
,,,8.198000000000,   0.04800,
,,,8.200000000000,   0.04000,
,,,8.202000000000,   0.04800,
,,,8.204000000000,   0.06400,
,,,8.206000000000,   0.02400,
,,,8.208000000000,   0.05600,
,,,8.210000000000,   0.03200,
,,,8.212000000000,   0.03200,
,,,8.214000000000,   0.02400,
,,,8.216000000000,   0.01600,
,,,8.218000000000,   0.04000,
,,,8.220000000000,   0.04000,
,,,8.222000000000,   0.04800,
,,,8.224000000000,   0.03200,
,,,8.226000000000,   0.02400,
,,,8.228000000000,   0.01600,
,,,8.230000000000,   0.02400,
,,,8.232000000000,   0.02400,
,,,8.234000000000,   0.02400,
,,,8.236000000000,   0.04000,
,,,8.238000000000,   0.01600,
,,,8.240000000000,   0.03200,
,,,8.242000000000,   0.02400,
,,,8.244000000000,   0.03200,
,,,8.246000000000,   0.00800,
,,,8.248000000000,   0.02400,
,,,8.250000000000,   0.01600,
,,,8.252000000000,   0.01600,
,,,8.254000000000,   0.04000,
,,,8.256000000000,   0.02400,
,,,8.258000000000,   0.00800,
,,,8.260000000000,   0.00800,
,,,8.262000000000,   0.01600,
,,,8.264000000000,   0.00000,
,,,8.266000000000,   0.04000,
,,,8.268000000000,   0.03200,
,,,8.270000000000,   0.03200,
,,,8.272000000000,   0.03200,
,,,8.274000000000,   0.02400,
,,,8.276000000000,   0.01600,
,,,8.278000000000,   0.00800,
,,,8.280000000000,   0.00800,
,,,8.282000000000,   0.02400,
,,,8.284000000000,   0.01600,
,,,8.286000000000,   0.00000,
,,,8.288000000000,   0.00000,
,,,8.290000000000,   0.01600,
,,,8.292000000000,   0.01600,
,,,8.294000000000,   0.00000,
,,,8.296000000000,  -0.00800,
,,,8.298000000000,   0.02400,
,,,8.300000000000,  -0.00800,
,,,8.302000000000,   0.01600,
,,,8.304000000000,   0.01600,
,,,8.306000000000,  -0.00800,
,,,8.308000000000,   0.02400,
,,,8.310000000000,   0.01600,
,,,8.312000000000,   0.03200,
,,,8.314000000000,   0.01600,
,,,8.316000000000,   0.01600,
,,,8.318000000000,   0.02400,
,,,8.320000000000,   0.02400,
,,,8.322000000000,   0.00000,
,,,8.324000000000,   0.01600,
,,,8.326000000000,   0.01600,
,,,8.328000000000,   0.00800,
,,,8.330000000000,   0.00800,
,,,8.332000000000,   0.01600,
,,,8.334000000000,  -0.01600,
,,,8.336000000000,   0.01600,
,,,8.338000000000,   0.00800,
,,,8.340000000000,   0.01600,
,,,8.342000000000,   0.00000,
,,,8.344000000000,   0.00800,
,,,8.346000000000,   0.01600,
,,,8.348000000000,   0.01600,
,,,8.350000000000,   0.01600,
,,,8.352000000000,   0.01600,
,,,8.354000000000,   0.00800,
,,,8.356000000000,   0.01600,
,,,8.358000000000,   0.01600,
,,,8.360000000000,  -0.00800,
,,,8.362000000000,   0.00800,
,,,8.364000000000,  -0.00800,
,,,8.366000000000,   0.01600,
,,,8.368000000000,   0.02400,
,,,8.370000000000,   0.01600,
,,,8.372000000000,   0.01600,
,,,8.374000000000,   0.01600,
,,,8.376000000000,   0.00800,
,,,8.378000000000,   0.00000,
,,,8.380000000000,  -0.00800,
,,,8.382000000000,  -0.00800,
,,,8.384000000000,   0.00000,
,,,8.386000000000,   0.02400,
,,,8.388000000000,   0.01600,
,,,8.390000000000,   0.00000,
,,,8.392000000000,   0.00000,
,,,8.394000000000,   0.02400,
,,,8.396000000000,   0.00800,
,,,8.398000000000,   0.01600,
,,,8.400000000000,   0.02400,
,,,8.402000000000,   0.00800,
,,,8.404000000000,  -0.00800,
,,,8.406000000000,   0.01600,
,,,8.408000000000,   0.01600,
,,,8.410000000000,   0.02400,
,,,8.412000000000,   0.00800,
,,,8.414000000000,   0.00000,
,,,8.416000000000,   0.00000,
,,,8.418000000000,   0.00000,
,,,8.420000000000,   0.00000,
,,,8.422000000000,   0.00800,
,,,8.424000000000,   0.01600,
,,,8.426000000000,   0.00000,
,,,8.428000000000,   0.01600,
,,,8.430000000000,   0.02400,
,,,8.432000000000,   0.02400,
,,,8.434000000000,  -0.01600,
,,,8.436000000000,   0.00800,
,,,8.438000000000,   0.02400,
,,,8.440000000000,  -0.00800,
,,,8.442000000000,  -0.00800,
,,,8.444000000000,   0.03200,
,,,8.446000000000,   0.01600,
,,,8.448000000000,   0.01600,
,,,8.450000000000,  -0.00800,
,,,8.452000000000,  -0.01600,
,,,8.454000000000,   0.02400,
,,,8.456000000000,   0.01600,
,,,8.458000000000,   0.00800,
,,,8.460000000000,   0.01600,
,,,8.462000000000,  -0.00800,
,,,8.464000000000,   0.00000,
,,,8.466000000000,  -0.00800,
,,,8.468000000000,  -0.00800,
,,,8.470000000000,   0.01600,
,,,8.472000000000,   0.01600,
,,,8.474000000000,   0.00800,
,,,8.476000000000,   0.01600,
,,,8.478000000000,   0.00800,
,,,8.480000000000,   0.01600,
,,,8.482000000000,  -0.01600,
,,,8.484000000000,   0.00000,
,,,8.486000000000,   0.01600,
,,,8.488000000000,   0.02400,
,,,8.490000000000,  -0.01600,
,,,8.492000000000,  -0.01600,
,,,8.494000000000,  -0.01600,
,,,8.496000000000,   0.00800,
,,,8.498000000000,  -0.00800,
